Unnamed: 0,Unnamed: 1,Unnamed: 2,Unnamed: 3,April,May,June,July,August,September,October,November,December,January,February,March,Total
District,,,,,,,,,,,,,,,,
Chandigarh,1.1,Total number of pregnant women Registered for ANC,TOTAL,2891.0,3034.0,2437.0,3193.0,2917.0,2740.0,2424.0,2864.0,2461.0,2984.0,2542.0,3114.0,33601.0
Chandigarh,1.1.1,Of which Number registered within first trimester (within 12 weeks),TOTAL,1040.0,1091.0,812.0,984.0,927.0,808.0,715.0,894.0,857.0,1155.0,1026.0,1222.0,11531.0
Chandigarh,1.2,Number of Pregnant women registered under JSY,TOTAL,112.0,133.0,67.0,143.0,95.0,106.0,97.0,112.0,108.0,202.0,123.0,175.0,1473.0
Chandigarh,1.3,Number of pregnant women received 3 ANC check ups during pregnancy,TOTAL,2297.0,2100.0,1954.0,2783.0,3309.0,3155.0,3073.0,2845.0,2558.0,2525.0,2151.0,2310.0,31060.0
Chandigarh,1.4.1,Number of pregnant women given TT1 during current pregnancy,TOTAL,1769.0,1713.0,1318.0,1859.0,1688.0,1371.0,1299.0,1593.0,1318.0,1647.0,1438.0,1794.0,18807.0
Chandigarh,1.4.2,Number of pregnant women given TT2 or Booster during current pregnancy,TOTAL,1474.0,1727.0,1289.0,1891.0,1667.0,1479.0,1538.0,1556.0,1461.0,1508.0,1377.0,1491.0,18458.0
Chandigarh,1.5,Total number of pregnant women given 100 IFA tablets,TOTAL,1166.0,1000.0,857.0,992.0,1112.0,925.0,902.0,1096.0,1011.0,1146.0,718.0,727.0,11652.0
Chandigarh,1.6.1,Number of new cases of Hypertension (BP>140/90) detected in Pregnant women at the institution,TOTAL,91.0,61.0,45.0,65.0,68.0,88.0,42.0,68.0,61.0,87.0,77.0,77.0,830.0
Chandigarh,1.6.2,Number of Eclampsia cases managed during delivery,TOTAL,11.0,18.0,17.0,12.0,13.0,19.0,32.0,14.0,14.0,9.0,10.0,16.0,185.0
Chandigarh,1.7.1,Number of Pregnant women with anaemia i.e. Hb level<11 (tested cases),TOTAL,1576.0,1440.0,1476.0,1949.0,1727.0,1765.0,1357.0,1745.0,1434.0,1456.0,1415.0,1407.0,18747.0
Chandigarh,1.7.2,Number of Pregnant women having severe anaemia (Hb<7) treated at institution,TOTAL,11.0,13.0,10.0,25.0,23.0,27.0,17.0,13.0,15.0,4.0,16.0,9.0,183.0
Chandigarh,1.8,Number of pregnancy test kits used at SC level,TOTAL,,,,,,,,,,,,,
Chandigarh,2.1.1.a,Number of deliveries conducted at Home and attended by trained SBA(i.e. Doctor or Nurse or ANM),TOTAL,2.0,1.0,5.0,0.0,1.0,4.0,10.0,1.0,4.0,6.0,4.0,3.0,41.0
Chandigarh,2.1.1.b,Number of deliveries conducted at Home and attended by non trained SBA (i.e. trained TBA or Relatives etc.),TOTAL,173.0,145.0,133.0,142.0,173.0,181.0,139.0,149.0,146.0,150.0,135.0,123.0,1789.0
Chandigarh,2.1.1.c,Total number of deliveries conducted at Home and attended by trained or non-trained SBA (i.e. sum of 2.1.1.a and 2.1.1.b),TOTAL,175.0,146.0,138.0,142.0,174.0,185.0,149.0,150.0,150.0,156.0,139.0,126.0,1830.0
Chandigarh,2.1.2,Number of newborns visited within 24 hours of delivery for deliveries conducted at home,TOTAL,83.0,71.0,70.0,80.0,101.0,107.0,68.0,93.0,84.0,102.0,96.0,77.0,1032.0
Chandigarh,2.1.3,Number of mothers paid JSY incentive for deliveries conducted at home,TOTAL,,,,,,,,,,,,,
Chandigarh,2.2,Deliveries conducted at Public Institutions (Including C-Sections),TOTAL,1270.0,1354.0,1517.0,1764.0,2127.0,2151.0,2173.0,2012.0,1960.0,1996.0,1692.0,1729.0,21745.0
Chandigarh,2.2.1,"Out of 2.2, Number discharged under 48 hours of delivery",TOTAL,741.0,739.0,841.0,866.0,1264.0,1248.0,594.0,1240.0,1126.0,1096.0,945.0,975.0,11675.0
Chandigarh,2.2.2.a,Number of mothers paid JSY Incentive for deliveries conducted at Public Institutions,TOTAL,20.0,21.0,32.0,35.0,57.0,56.0,40.0,60.0,55.0,57.0,45.0,53.0,531.0
Chandigarh,2.2.2.b,Number of ASHAs paid JSY Incentive for deliveries conducted at Public Institutions,TOTAL,,,,,,,,,,,,,
Chandigarh,2.2.2.c,Number of cases of deliveries conducted at Public Institutions where JSY incentive was paid to ANMs or AWWs [only for High Performing States (HPS)],TOTAL,,,,,,,,,,,,,
Chandigarh,2.3,Deliveries conducted at Private Institutions (Including C-Sections),TOTAL,,,,,,,,,,,,,
Chandigarh,2.3.1.a,Number of mothers paid JSY Incentive for deliveries conducted at accredited Private Institutions,TOTAL,,,,,,,,,,,,,
Chandigarh,2.3.1.b,Number of ASHAs paid JSY Incentive for deliveries conducted at accredited Private Institutions,TOTAL,,,,,,,,,,,,,
Chandigarh,2.3.1.c,Number of cases of deliveries conducted at accredited Private Institutions where JSY incentive was paid to ANMs or AWWs [only for High Performing States (HPS)],TOTAL,,,,,,,,,,,,,
Chandigarh,3.1.1,Number of Caesarean (C-Section) deliveries performed at PHCs (Primary Health Centre),TOTAL,,,,,,,,,,,,,
Chandigarh,3.1.2,Number of Caesarean (C-Section) deliveries performed at CHCs (Community Health Centre),TOTAL,8.0,12.0,16.0,11.0,16.0,31.0,14.0,17.0,20.0,30.0,28.0,29.0,232.0
Chandigarh,3.1.3,Number of Caesarean (C-Section) deliveries performed at SDHs (Sub-divisional Hospital) or DHs (District Hospital),TOTAL,285.0,346.0,357.0,385.0,431.0,451.0,448.0,442.0,436.0,472.0,450.0,427.0,4930.0
Chandigarh,3.1.4,Number of Caesarean (C-Section) deliveries performed at other State owned public institutions,TOTAL,,,,,,,,,,,,,
Chandigarh,3.1.5,"Total Number of Caesarean (C-Section) deliveries performed at Public facilities i.e. PHC, CHC, SDH, DH and other State owned public institutions (sum of items from 3.1.1 to 3.1.4)",TOTAL,293.0,358.0,373.0,396.0,447.0,482.0,462.0,459.0,456.0,502.0,478.0,456.0,5162.0
Chandigarh,3.2,No. of C-section deliveries performed at Private facilities,TOTAL,,,,,,,,,,,,,
Chandigarh,4.1.1.a,Number of male live births,TOTAL,779.0,835.0,896.0,990.0,1230.0,1204.0,1201.0,1133.0,1100.0,1098.0,973.0,996.0,12435.0
Chandigarh,4.1.1.b,Number of female live births,TOTAL,646.0,654.0,753.0,873.0,1033.0,1098.0,1074.0,1013.0,978.0,1019.0,822.0,821.0,10784.0
Chandigarh,4.1.1.c,Total number of male and female live births (4.1.1.a and 4.1.1.b),TOTAL,1425.0,1489.0,1649.0,1863.0,2263.0,2302.0,2275.0,2146.0,2078.0,2117.0,1795.0,1817.0,23219.0
Chandigarh,4.1.2,Number of still births,TOTAL,46.0,44.0,50.0,63.0,82.0,75.0,80.0,61.0,69.0,72.0,38.0,62.0,742.0
Chandigarh,4.1.3,Number of Abortions (spontaneous or induced),TOTAL,181.0,150.0,162.0,156.0,158.0,190.0,128.0,134.0,133.0,112.0,108.0,119.0,1731.0
Chandigarh,4.2.1,Number of Newborns weighed at birth,TOTAL,1382.0,1449.0,1614.0,1831.0,2218.0,2249.0,2247.0,2128.0,2031.0,2088.0,1780.0,1790.0,22807.0
Chandigarh,4.2.2,Number of Newborns having weight less than 2.5 kg,TOTAL,255.0,399.0,350.0,448.0,525.0,554.0,577.0,493.0,451.0,449.0,399.0,389.0,5289.0
Chandigarh,4.3,Number of Newborns breast fed within 1 hour of birth,TOTAL,538.0,1030.0,1106.0,1312.0,1619.0,1708.0,1632.0,1656.0,1463.0,1469.0,1076.0,1346.0,15955.0
Chandigarh,5.1.1,Number of cases of pregnant women with Obstetric Complications and attended at PHCs,TOTAL,,,,,,,,,,,,,
Chandigarh,5.1.2,Number of cases of pregnant women with Obstetric Complications and attended at CHCs,TOTAL,14.0,24.0,22.0,30.0,20.0,34.0,19.0,22.0,19.0,30.0,30.0,45.0,309.0
Chandigarh,5.1.3,Number of cases of pregnant women with Obstetric Complications and attended at SDHs or DHs,TOTAL,309.0,356.0,461.0,323.0,339.0,333.0,359.0,364.0,315.0,415.0,483.0,517.0,4574.0
Chandigarh,5.1.4,Number of cases of pregnant women with Obstetric Complications and attended at other State owned public institutions,TOTAL,,,,,,,,,,,,,
Chandigarh,5.1.5,"Number of cases of pregnant women with Obstetric Complications and attended at Public facilities i.e. PHC, CHC, SDH, DH and other State owned public institutions (sum of items from 5.1.1 to 5.1.4)",TOTAL,323.0,380.0,483.0,353.0,359.0,367.0,378.0,386.0,334.0,445.0,513.0,562.0,4883.0
Chandigarh,5.2,Number of cases of pregnant women with Obstetric Complications and attended at Private facilities,TOTAL,,,,,,,,,,,,,
Chandigarh,5.3.1,Number of cases of complicated pregnancies treated with IV antibiotics,TOTAL,258.0,315.0,569.0,422.0,347.0,262.0,286.0,320.0,343.0,573.0,346.0,339.0,4380.0
Chandigarh,5.3.2,Number of cases of complicated pregnancies treated with IV Antihypertensive/Magsulph injection,TOTAL,11.0,41.0,21.0,16.0,31.0,19.0,25.0,23.0,26.0,12.0,12.0,24.0,261.0
Chandigarh,5.3.3,Number of cases of complicated pregnancies treated with IV Oxytocis,TOTAL,638.0,703.0,503.0,435.0,476.0,209.0,228.0,606.0,518.0,679.0,466.0,601.0,6062.0
Chandigarh,5.3.4,Number of cases of complicated pregnancies treated with Blood Transfusion,TOTAL,42.0,56.0,30.0,69.0,55.0,44.0,47.0,56.0,46.0,28.0,50.0,36.0,559.0
Chandigarh,6.1,Women getting post partum check-up within 48 hours after delivery,TOTAL,1260.0,1183.0,1408.0,1651.0,2044.0,1975.0,2161.0,1991.0,1867.0,1887.0,1494.0,1634.0,20555.0
Chandigarh,6.2,Women getting a post partum check up between 48 hours and 14 days after delivery,TOTAL,822.0,787.0,865.0,929.0,1148.0,1257.0,1141.0,1206.0,1108.0,1065.0,1123.0,1006.0,12457.0
Chandigarh,6.3,PNC maternal complications attended,TOTAL,19.0,21.0,10.0,9.0,17.0,13.0,13.0,8.0,10.0,10.0,9.0,7.0,146.0
Chandigarh,7.1.1,Number of MTPs conducted at Public Institutions up to 12 weeks of pregnancy,TOTAL,84.0,52.0,57.0,57.0,81.0,72.0,56.0,56.0,57.0,55.0,60.0,75.0,762.0
Chandigarh,7.1.2,Number of MTPs conducted at Public Institutions for more than 12 weeks of pregnancy,TOTAL,16.0,28.0,25.0,24.0,27.0,26.0,17.0,19.0,16.0,14.0,25.0,27.0,264.0
Chandigarh,7.1.3,Total number of MTPs conducted at Public Institutions (sum of items 7.1.1 and 7.1.2),TOTAL,100.0,80.0,82.0,81.0,108.0,98.0,73.0,75.0,73.0,69.0,85.0,102.0,1026.0
Chandigarh,7.2,Number of MTPs conducted at Private Facilities,TOTAL,,,,,,,,,,,,,
Chandigarh,8.1.a,Number of new cases of RTI/STI in males for which treatment was initiated,TOTAL,59.0,87.0,41.0,65.0,31.0,38.0,81.0,99.0,103.0,79.0,107.0,64.0,854.0
Chandigarh,8.1.b,Number of new cases of RTI/STI in females for which treatment was initiated,TOTAL,722.0,828.0,635.0,724.0,583.0,692.0,590.0,757.0,635.0,747.0,698.0,628.0,8239.0
Chandigarh,8.1.c,Total number of new cases of RTI/STI in males and females for which treatment was initiated (sum of items 8.1.a and 8.1.b),TOTAL,781.0,915.0,676.0,789.0,614.0,730.0,671.0,856.0,738.0,826.0,805.0,692.0,9093.0
Chandigarh,8.2,Number of suspected RTI/STI cases for whom wet mount test was conducted,TOTAL,,,,,,,,,,,,,
Chandigarh,9.1.1.a,Number of NSV (No Scalpel Vasectomy) or Conventional Vasectomy conducted at PHCs,TOTAL,,,,,,,,,,,,,
Chandigarh,9.1.1.b,Number of NSV or Conventional Vasectomy conducted at CHCs,TOTAL,0.0,0.0,0.0,0.0,0.0,0.0,0.0,0.0,0.0,0.0,0.0,0.0,0.0
Chandigarh,9.1.1.c,Number of NSV or Conventional Vasectomy conducted at SDHs or DHs,TOTAL,10.0,8.0,1.0,14.0,7.0,15.0,6.0,6.0,12.0,6.0,10.0,2.0,97.0
Chandigarh,9.1.1.d,Number of NSV or Conventional Vasectomy conducted at other State owned public institutions,TOTAL,,,,,,,,,,,,,
Chandigarh,9.1.1.e,"Total Number of NSV or Conventional Vasectomy conducted at Public facilities i.e. PHC, CHC, SDH, DH and other State owned public institutions (sum of items from 9.1.1.a to 9.1.1.d)",TOTAL,10.0,8.0,1.0,14.0,7.0,15.0,6.0,6.0,12.0,6.0,10.0,2.0,97.0
Chandigarh,9.1.2,Number of NSV or Conventional Vasectomy conducted at Private facilities,TOTAL,,,,,,,,,,,,,
Chandigarh,9.2.1.a,Number of Laparoscopic sterilizations conducted at PHCs,TOTAL,,,,,,,,,,,,,
Chandigarh,9.2.1.b,Number of Laparoscopic sterilizations conducted at CHCs,TOTAL,5.0,10.0,8.0,3.0,1.0,5.0,2.0,6.0,8.0,19.0,12.0,11.0,90.0
Chandigarh,9.2.1.c,Number of Laparoscopic sterilizations conducted at SDHs or DHs,TOTAL,65.0,47.0,51.0,46.0,47.0,42.0,36.0,61.0,78.0,91.0,76.0,101.0,741.0
Chandigarh,9.2.1.d,Number of Laparoscopic sterilizations conducted at other State owned public institutions,TOTAL,,,,,,,,,,,,,
Chandigarh,9.2.1.e,"Total Number of Laparoscopic sterilizations conducted at Public facilities i.e. PHC, CHC, SDH, DH and other State owned public institutions (sum of items from 9.2.1.a to 9.2.1.d)",TOTAL,70.0,57.0,59.0,49.0,48.0,47.0,38.0,67.0,86.0,110.0,88.0,112.0,831.0
Chandigarh,9.2.2,Number of Laparoscopic sterilizations conducted at Private facilities,TOTAL,,,,,,,,,,,,,
Chandigarh,9.3.1.a,Number of Mini-lap sterilizations conducted at PHCs,TOTAL,,,,,,,,,,,,,
Chandigarh,9.3.1.b,Number of Mini-lap sterilizations conducted at CHCs,TOTAL,0.0,0.0,0.0,0.0,0.0,0.0,0.0,0.0,0.0,1.0,2.0,0.0,3.0
Chandigarh,9.3.1.c,Number of Mini-lap sterilizations conducted at SDHs or DHs,TOTAL,5.0,9.0,7.0,8.0,14.0,12.0,4.0,10.0,11.0,7.0,8.0,18.0,113.0
Chandigarh,9.3.1.d,Number of Mini-lap sterilizations conducted at other State owned public institutions,TOTAL,,,,,,,,,,,,,
Chandigarh,9.3.1.e,"Total Number of Mini-lap sterilizations conducted at Public facilities i.e. PHC, CHC, SDH, DH and other State owned public institutions (sum of items from 9.3.1.a to 9.3.1.d)",TOTAL,5.0,9.0,7.0,8.0,14.0,12.0,4.0,10.0,11.0,8.0,10.0,18.0,116.0
Chandigarh,9.3.2,Number of Mini-lap sterilizations conducted at Private facilities,TOTAL,,,,,,,,,,,,,
Chandigarh,9.4.1.a,Number of Post-Partum sterilizations conducted at PHCs,TOTAL,,,,,,,,,,,,,
Chandigarh,9.4.1.b,Number of Post-Partum sterilizations conducted at CHCs,TOTAL,0.0,0.0,0.0,0.0,3.0,2.0,0.0,0.0,0.0,0.0,6.0,5.0,16.0
Chandigarh,9.4.1.c,Number of Post-Partum sterilizations conducted at SDHs or DHs,TOTAL,32.0,32.0,56.0,56.0,71.0,92.0,80.0,85.0,69.0,60.0,58.0,68.0,759.0
Chandigarh,9.4.1.d,Number of Post-Partum sterilizations conducted at other State owned public institutions,TOTAL,,,,,,,,,,,,,
Chandigarh,9.4.1.e,"Total Number of Post-Partum sterilizations conducted at Public facilities i.e. PHC, CHC, SDH, DH and other State owned public institutions (sum of items from 9.4.1.a to 9.4.1.d)",TOTAL,32.0,32.0,56.0,56.0,74.0,94.0,80.0,85.0,69.0,60.0,64.0,73.0,775.0
Chandigarh,9.4.2,Number of Post-Partum sterilizations conducted at Private facilities,TOTAL,,,,,,,,,,,,,
Chandigarh,9.5.1.a,Number of IUCD Insertions conducted at SCs,TOTAL,26.0,22.0,25.0,64.0,34.0,34.0,29.0,46.0,40.0,38.0,39.0,53.0,450.0
Chandigarh,9.5.1.b,Number of IUCD Insertions conducted at PHCs,TOTAL,121.0,131.0,118.0,176.0,117.0,129.0,117.0,141.0,128.0,147.0,139.0,158.0,1622.0
Chandigarh,9.5.1.c,Number of IUCD Insertions conducted at CHCs,TOTAL,40.0,47.0,49.0,39.0,34.0,40.0,34.0,34.0,31.0,30.0,25.0,33.0,436.0
Chandigarh,9.5.1.d,Number of IUCD Insertions conducted at SDHs or DHs,TOTAL,56.0,59.0,45.0,52.0,58.0,65.0,47.0,50.0,68.0,51.0,60.0,70.0,681.0
Chandigarh,9.5.1.e,Number of IUCD Insertions conducted at other State owned public institutions,TOTAL,,,,,,,,,,,,,
Chandigarh,9.5.1.f,"Total Number of IUCD Insertions conducted at Public facilities i.e. SC, PHC, CHC, SDH, DH and other State owned public institutions (sum of items from 9.5.1.a to 9.5.1.e)",TOTAL,243.0,259.0,237.0,331.0,243.0,268.0,227.0,271.0,267.0,266.0,263.0,314.0,3189.0
Chandigarh,9.5.1A,"Out of above total, Post Partum (within 48 hours of delivery) IUCD insertions",TOTAL,,,,,,,,,,,,,
Chandigarh,9.5.2,Number of IUCD Insertions conducted at Private facilities,TOTAL,,,,,,,,,,,,,
Chandigarh,9.06,Number of IUCD removals,TOTAL,62.0,70.0,77.0,97.0,69.0,65.0,72.0,69.0,47.0,68.0,64.0,68.0,828.0
Chandigarh,9.07,Number of Oral Pills cycles distributed,TOTAL,764.0,774.0,809.0,988.0,876.0,871.0,912.0,1017.0,925.0,928.0,936.0,1058.0,10858.0
Chandigarh,9.08,Number of Condom pieces distributed,TOTAL,67190.0,72710.0,77662.0,98276.0,79454.0,81280.0,80520.0,93650.0,85218.0,88262.0,84842.0,81430.0,990494.0
Chandigarh,9.09,Number of Centchroman (weekly) pills given,TOTAL,2.0,1.0,0.0,4.0,3.0,3.0,10.0,6.0,6.0,6.0,0.0,0.0,41.0
Chandigarh,9.10,Number of Emergency Contraceptive Pills distributed,TOTAL,22.0,26.0,20.0,22.0,20.0,32.0,44.0,55.0,76.0,28.0,47.0,47.0,439.0
Chandigarh,9.11.1.a,Number of cases of complications following male sterilization,TOTAL,0.0,0.0,0.0,0.0,0.0,0.0,0.0,0.0,0.0,0.0,0.0,0.0,0.0
Chandigarh,9.11.1.b,Number of cases of complications following female sterilization,TOTAL,1.0,0.0,0.0,0.0,0.0,0.0,0.0,0.0,0.0,0.0,0.0,0.0,1.0
Chandigarh,9.11.2.a,Number of failures following male sterilization,TOTAL,0.0,0.0,0.0,1.0,0.0,0.0,0.0,0.0,0.0,0.0,0.0,0.0,1.0
Chandigarh,9.11.2.b,Number of failures following female sterilization,TOTAL,1.0,2.0,1.0,2.0,0.0,2.0,1.0,2.0,1.0,0.0,0.0,3.0,15.0
Chandigarh,9.11.3.a,Number of deaths following male sterilization,TOTAL,0.0,0.0,0.0,0.0,0.0,0.0,0.0,0.0,0.0,0.0,0.0,0.0,0.0
Chandigarh,9.11.3.b,Number of deaths following female sterilization,TOTAL,0.0,0.0,0.0,0.0,0.0,0.0,0.0,0.0,0.0,0.0,0.0,0.0,0.0
Chandigarh,9.12,Number of Institutions having NSV trained doctors,TOTAL,6.0,6.0,6.0,5.0,6.0,6.0,6.0,6.0,5.0,6.0,6.0,6.0,-1.0
Chandigarh,10.1.01,Number of Infants (0 to 11 months old)received BCG immunisation,TOTAL,1520.0,1590.0,1697.0,1897.0,2252.0,2530.0,2314.0,2376.0,2052.0,2293.0,1968.0,1970.0,24459.0
Chandigarh,10.1.02,Number of Infants (0 to 11 months old) received DPT1 immunisation,TOTAL,1413.0,1270.0,1192.0,1338.0,1331.0,1722.0,1588.0,2052.0,1670.0,1617.0,1708.0,1696.0,18597.0
Chandigarh,10.1.03,Number of Infants (0 to 11 months old) received DPT2 immunisation,TOTAL,1353.0,1307.0,1207.0,1245.0,1137.0,1316.0,1198.0,1787.0,1602.0,1554.0,1491.0,1524.0,16721.0
Chandigarh,10.1.04,Number of Infants (0 to 11 months old) received DPT3 immunisation,TOTAL,1381.0,1156.0,1265.0,1326.0,1177.0,1345.0,1101.0,1408.0,1463.0,1523.0,1525.0,1527.0,16197.0
Chandigarh,10.1.04A,Number of Infants (0 to 11 months old) received Pentavalent1 immunisation,TOTAL,,,,,,,,,,,,,
Chandigarh,10.1.04B,Number of Infants (0 to 11 months old) received Pentavalent2 immunisation,TOTAL,,,,,,,,,,,,,
Chandigarh,10.1.04C,Number of Infants (0 to 11 months old) received Pentavalent3 immunisation,TOTAL,,,,,,,,,,,,,
Chandigarh,10.1.05,Number of Infants (0 to 11 months old) received OPV 0 (Birth Dose),TOTAL,1375.0,1430.0,1619.0,1717.0,2062.0,2407.0,2276.0,2225.0,2000.0,2092.0,1828.0,1851.0,22882.0
Chandigarh,10.1.06,Number of Infants (0 to 11 months old) received OPV1 (First Dose),TOTAL,1412.0,1283.0,1202.0,1342.0,1336.0,2034.0,1589.0,2053.0,1670.0,1617.0,1708.0,1662.0,18908.0
Chandigarh,10.1.07,Number of Infants (0 to 11 months old) received OPV2 (Second Dose),TOTAL,1353.0,1307.0,1207.0,1245.0,1140.0,1304.0,1198.0,1720.0,1602.0,1544.0,1491.0,1508.0,16619.0
Chandigarh,10.1.08,Number of Infants (0 to 11 months old) received OPV3 (Third Dose),TOTAL,1381.0,1156.0,1265.0,1326.0,1167.0,1351.0,1101.0,1420.0,1463.0,1523.0,1525.0,1539.0,16217.0
Chandigarh,10.1.09A,Number of Infants (upto 48 hrs of age) received Hepatitis-B0 immunisation,TOTAL,0.0,0.0,0.0,313.0,345.0,471.0,472.0,1167.0,1144.0,754.0,629.0,753.0,6048.0
Chandigarh,10.1.09,Number of Infants (0 to 11 months old) received Hepatitis-B1 immunisation,TOTAL,533.0,536.0,391.0,388.0,379.0,450.0,549.0,2707.0,2608.0,2157.0,2290.0,2657.0,15645.0
Chandigarh,10.1.10,Number of Infants (0 to 11 months old) received Hepatitis-B2 immunisation,TOTAL,398.0,366.0,258.0,319.0,282.0,331.0,271.0,686.0,1498.0,2126.0,1937.0,2001.0,10473.0
Chandigarh,10.1.11,Number of Infants (0 to 11 months old) received Hepatitis-B3 immunisation,TOTAL,332.0,291.0,292.0,305.0,321.0,359.0,268.0,514.0,658.0,1301.0,1993.0,1729.0,8363.0
Chandigarh,10.1.12,Number of Infants (0 to 11 months old) received Measles immunisation (First Dose),TOTAL,1266.0,1259.0,1260.0,1574.0,1287.0,1618.0,1113.0,1652.0,1115.0,1118.0,1113.0,1238.0,15613.0
Chandigarh,10.1.12B,Number of Infants (more than 16 months old) received Measles immunisation (Second Dose),TOTAL,292.0,328.0,350.0,474.0,428.0,1125.0,1294.0,2109.0,1939.0,2085.0,2145.0,2099.0,14668.0
Chandigarh,10.1A,No. of Children aged 9 to 12 months who received JE 1st dose,TOTAL,,,,,,,,,,,,,
Chandigarh,10.1.13.a,Total number of male children (9 to 11 months old) fully immunised (BCG+DPT123/Pentavalent123+OPV123+Measles) during the month,TOTAL,680.0,716.0,661.0,873.0,679.0,860.0,599.0,821.0,632.0,609.0,591.0,610.0,8331.0
Chandigarh,10.1.13.b,Total number of female children (9 to 11 months old) fully immunised (BCG+DPT123/Pentavalent123+OPV123+Measles) during the month,TOTAL,523.0,509.0,585.0,696.0,583.0,687.0,484.0,794.0,473.0,490.0,500.0,516.0,6840.0
Chandigarh,10.1.13.c,Total number of children (9 to 11 months old) fully immunised (BCG+DPT123/Pentavalent123+OPV123+Measles) during the month (sum of items 10.1.13.a and 10.1.13.b),TOTAL,1203.0,1225.0,1246.0,1569.0,1262.0,1547.0,1083.0,1615.0,1105.0,1099.0,1091.0,1126.0,15171.0
Chandigarh,10.2.1,Number of Infants (more than 16 months old) received DPT Booster dose,TOTAL,1312.0,1136.0,1136.0,1275.0,1003.0,1204.0,787.0,1262.0,1004.0,1143.0,1262.0,1367.0,13891.0
Chandigarh,10.2.2,Number of Infants (more than 16 months old) received OPV Booster dose,TOTAL,1402.0,1177.0,1136.0,1267.0,1003.0,1200.0,780.0,1262.0,1004.0,1139.0,1262.0,1345.0,13977.0
Chandigarh,10.2.3,"Number of Infants (more than 16 months old) received Measles, Mumps, Rubella (MMR) Vaccination",TOTAL,345.0,374.0,615.0,870.0,803.0,1074.0,336.0,474.0,283.0,178.0,314.0,344.0,6010.0
Chandigarh,10.3.1.a,Total number of male children (12 to 23 months old) fully immunised (BCG+DPT123/Pentavalent123+OPV123+Measles) during the month,TOTAL,154.0,143.0,122.0,137.0,135.0,169.0,162.0,209.0,196.0,204.0,270.0,231.0,2132.0
Chandigarh,10.3.1.b,Total number of female children (12 to 23 months old) fully immunised (BCG+DPT123/Pentavalent123+OPV123+Measles) during the month,TOTAL,134.0,124.0,115.0,143.0,112.0,139.0,126.0,208.0,150.0,191.0,253.0,225.0,1920.0
Chandigarh,10.3.1.c,Total number of children (12 to 23 months old) fully immunised (BCG+DPT123+OPV123/Pentavalent123+Measles) during the month (sum of items 10.3.1.a and 10.3.1.b),TOTAL,288.0,267.0,237.0,280.0,247.0,308.0,288.0,417.0,346.0,395.0,523.0,456.0,4052.0
Chandigarh,10.3.2,Number of children (more than 5 years old) given DT5,TOTAL,1031.0,722.0,765.0,814.0,676.0,920.0,773.0,981.0,798.0,1013.0,827.0,1028.0,10348.0
Chandigarh,10.3.3,Number of children (more than 10 years old) given TT10,TOTAL,535.0,443.0,575.0,456.0,283.0,615.0,541.0,547.0,515.0,836.0,870.0,702.0,6918.0
Chandigarh,10.3.4,Number of children (more than 16 years old) given TT16,TOTAL,208.0,175.0,284.0,182.0,154.0,228.0,214.0,176.0,167.0,206.0,436.0,200.0,2630.0
Chandigarh,10.3.5.a,Number of cases of Abscess reported following immunisation [Adverse Event Following Immunisation (AEFI)],TOTAL,0.0,0.0,0.0,0.0,0.0,0.0,0.0,0.0,0.0,0.0,0.0,0.0,0.0
Chandigarh,10.3.5.b,Number of cases of Death reported following immunisation [Adverse Event Following Immunisation (AEFI)],TOTAL,0.0,0.0,0.0,0.0,0.0,0.0,0.0,0.0,0.0,0.0,0.0,0.0,0.0
Chandigarh,10.3.5.c,Number of cases of other complications reported following immunisation [Adverse Event Following Immunisation (AEFI)],TOTAL,4.0,0.0,1.0,0.0,0.0,0.0,0.0,0.0,0.0,0.0,0.0,0.0,5.0
Chandigarh,10.4.1,Number of Immunisation sessions planned to be held during the month,TOTAL,734.0,750.0,757.0,759.0,788.0,717.0,731.0,817.0,752.0,752.0,736.0,752.0,9045.0
Chandigarh,10.4.2,Number of Immunisation sessions held during the month,TOTAL,685.0,742.0,711.0,756.0,743.0,677.0,650.0,792.0,638.0,740.0,657.0,741.0,8532.0
Chandigarh,10.4.3,Number of Immunisation sessions held during the month where ASHAs were present,TOTAL,0.0,0.0,0.0,0.0,0.0,0.0,0.0,0.0,0.0,0.0,0.0,0.0,0.0
Chandigarh,10.5.1,Number of children (more than 16 months old) received Japanese Encephalitis (JE) vaccination,TOTAL,,,,,,,,,,,,,
Chandigarh,11.1.1,Number of children (9 months to 5 years old) administered 1st dose of Vitamin A (Dose-1),TOTAL,1271.0,1303.0,1287.0,1585.0,1316.0,1605.0,1147.0,1690.0,1132.0,1107.0,1308.0,1179.0,15930.0
Chandigarh,11.1.2,Number of children (9 months to 5 years old) were administered 5th dose of Vitamin A (Dose-5),TOTAL,1066.0,952.0,890.0,1060.0,912.0,1282.0,761.0,1324.0,1086.0,1139.0,967.0,1138.0,12577.0
Chandigarh,11.1.3,Number of children (9 months to 5 years old) administered 9th dose of Vitamin A (Dose-9),TOTAL,768.0,498.0,527.0,609.0,890.0,807.0,859.0,806.0,648.0,885.0,787.0,854.0,8938.0
Chandigarh,12.1,Number of cases of Diptheria reported in children below 5 years of age,TOTAL,0.0,3.0,0.0,1.0,0.0,0.0,1.0,1.0,0.0,0.0,0.0,0.0,6.0
Chandigarh,12.2,Number of cases of Pertusis reported in children below 5 years of age,TOTAL,0.0,0.0,0.0,0.0,0.0,0.0,0.0,0.0,0.0,0.0,0.0,0.0,0.0
Chandigarh,12.3,Number of cases of Tetanus neonatarum reported in children below 5 years of age,TOTAL,0.0,0.0,0.0,0.0,0.0,0.0,0.0,0.0,0.0,1.0,0.0,0.0,1.0
Chandigarh,12.4,Number of cases of Tetanus other than neonatarum reported in children below 5 years of age,TOTAL,0.0,0.0,0.0,2.0,2.0,0.0,0.0,0.0,0.0,1.0,0.0,0.0,5.0
Chandigarh,12.5,Number of cases of Polio reported in children below 5 years of age,TOTAL,0.0,0.0,0.0,0.0,0.0,0.0,0.0,0.0,0.0,0.0,0.0,0.0,0.0
Chandigarh,12.6,Number of cases of Measles reported in children below 5 years of age,TOTAL,11.0,15.0,15.0,6.0,2.0,5.0,4.0,7.0,4.0,1.0,1.0,1.0,72.0
Chandigarh,12.7,Number of cases of Diarrhoea and Dehydration reported in children below 5 years of age,TOTAL,1323.0,1388.0,1499.0,1199.0,1302.0,1135.0,864.0,1137.0,1107.0,950.0,945.0,1047.0,13896.0
Chandigarh,12.8,Number of cases of Malaria reported in children below 5 years of age,TOTAL,4.0,5.0,10.0,14.0,6.0,25.0,8.0,3.0,2.0,2.0,0.0,3.0,82.0
Chandigarh,12.9,Number of children below 5 years of age admitted with Respiratory Infections,TOTAL,266.0,215.0,167.0,148.0,138.0,444.0,285.0,357.0,234.0,208.0,453.0,539.0,3454.0
Chandigarh,13.1,Number of Patients operated for cataract,TOTAL,627.0,705.0,424.0,480.0,555.0,656.0,442.0,669.0,546.0,461.0,481.0,851.0,6897.0
Chandigarh,13.2,Number of Intraocular Lens(IOL) implantations,TOTAL,624.0,704.0,420.0,480.0,552.0,653.0,440.0,658.0,545.0,461.0,480.0,847.0,6864.0
Chandigarh,13.3,Number of School children detected with Refractive errors,TOTAL,592.0,720.0,695.0,724.0,3492.0,1870.0,2342.0,2092.0,424.0,1587.0,1647.0,415.0,16600.0
Chandigarh,13.4,Number of children provided free glasses,TOTAL,0.0,0.0,91.0,39.0,282.0,340.0,232.0,363.0,555.0,153.0,0.0,0.0,2055.0
Chandigarh,13.5,Number of eyes collected through eye donation,TOTAL,44.0,46.0,29.0,29.0,39.0,47.0,38.0,45.0,41.0,56.0,38.0,49.0,501.0
Chandigarh,13.6,Number of eyes utilised for corneal transplant,TOTAL,25.0,27.0,18.0,24.0,28.0,32.0,27.0,21.0,16.0,34.0,29.0,32.0,313.0
Chandigarh,14.01,Number of CHC or SDH or DH functioning as First Referral units (FRUs),TOTAL,6.0,6.0,6.0,6.0,6.0,6.0,6.0,6.0,6.0,6.0,6.0,6.0,-1.0
Chandigarh,14.02,Number of PHCs functioning 24X7 with atleast 3 Staff Nurses,TOTAL,,,,,,,,,,,,,-1.0
Chandigarh,14.03,Number of Anganwadi centres reported to have conducted VHNDs,TOTAL,31.0,29.0,21.0,22.0,23.0,21.0,20.0,19.0,21.0,17.0,21.0,20.0,-1.0
Chandigarh,14.04,Number of facilities having a Rogi Kalyan Samiti (RKS),TOTAL,3.0,3.0,3.0,3.0,3.0,3.0,3.0,3.0,3.0,3.0,3.0,3.0,-1.0
Chandigarh,14.05,Number of RKS meetings held during the month,TOTAL,0.0,0.0,0.0,1.0,1.0,0.0,0.0,0.0,0.0,1.0,0.0,0.0,3.0
Chandigarh,14.06,Number of facilities having Ambulance services (Assured Referral Services),TOTAL,6.0,6.0,6.0,6.0,6.0,6.0,6.0,6.0,6.0,6.0,6.0,6.0,-1.0
Chandigarh,14.07,Total Number of times the Ambulance was used for transporting patients during the month,TOTAL,1438.0,1578.0,1678.0,1949.0,2066.0,1914.0,1826.0,1920.0,1628.0,1633.0,1784.0,2295.0,21709.0
Chandigarh,14.08,Number of Institutions having Operational Sick New Born and Child Care Units (SNCU),TOTAL,3.0,3.0,3.0,3.0,3.0,3.0,3.0,3.0,3.0,3.0,3.0,3.0,-1.0
Chandigarh,14.09,Number of functional Laproscopes in CHC/SDH/DH,TOTAL,14.0,12.0,14.0,14.0,13.0,13.0,13.0,14.0,14.0,14.0,15.0,15.0,-1.0
Chandigarh,14.10.1.a,Number of male patients admitted (Inpatients) during the month,1. Children,2030.0,2214.0,2141.0,2478.0,2822.0,2741.0,2819.0,2577.0,2600.0,2308.0,2082.0,2285.0,29097.0
Chandigarh,14.10.1.a,Number of male patients admitted (Inpatients) during the month,2. Adults,4224.0,4334.0,4138.0,4576.0,4572.0,4769.0,4667.0,4764.0,4053.0,4272.0,4289.0,4735.0,53393.0
Chandigarh,14.10.1.b,Number of female patients (Inpatients) admitted during the month,1. Children,1250.0,1261.0,1296.0,1572.0,1680.0,1822.0,1839.0,1748.0,2585.0,1527.0,1381.0,1520.0,19481.0
Chandigarh,14.10.1.b,Number of female patients (Inpatients) admitted during the month,2. Adults,4527.0,4754.0,4876.0,5377.0,5735.0,5877.0,5559.0,5458.0,4818.0,5384.0,5201.0,5389.0,62955.0
Chandigarh,14.10.1.c,Total number of patients admitted (Inpatients) during the month (sum of items 14.10.1.a and 14.10.1.b),1. Children,3280.0,3475.0,3437.0,4050.0,4502.0,4563.0,4658.0,4325.0,5185.0,3835.0,3463.0,3805.0,48578.0
Chandigarh,14.10.1.c,Total number of patients admitted (Inpatients) during the month (sum of items 14.10.1.a and 14.10.1.b),2. Adults,8751.0,9088.0,9014.0,9953.0,10307.0,10646.0,10226.0,10222.0,8871.0,9656.0,9490.0,10124.0,116348.0
Chandigarh,14.10.2.a,Number of death cases of Inpatient males,TOTAL,386.0,413.0,379.0,470.0,525.0,513.0,562.0,517.0,433.0,425.0,394.0,422.0,5439.0
Chandigarh,14.10.2.b,Number of death cases of Inpatient females,TOTAL,212.0,239.0,228.0,281.0,282.0,315.0,300.0,233.0,246.0,236.0,222.0,232.0,3026.0
Chandigarh,14.10.2.c,Number of cases of death of Inpatients (sum of items 14.10.2.a and 14.10.2.b),TOTAL,598.0,652.0,607.0,751.0,807.0,828.0,862.0,750.0,679.0,661.0,616.0,654.0,8465.0
Chandigarh,14.11,In-Patient Head Count at midnight,TOTAL,1541.0,1562.0,1467.0,1611.0,1681.0,1646.0,1671.0,1579.0,1437.0,1246.0,1217.0,1562.0,18220.0
Chandigarh,14.12.1,OPD attendance (All),TOTAL,356270.0,363800.0,345785.0,391684.0,367090.0,405497.0,330719.0,366723.0,340705.0,335644.0,358582.0,396438.0,4358937.0
Chandigarh,14.13.1,Number of major operations carried out using general or spinal anaesthesia,TOTAL,4129.0,4904.0,4355.0,4893.0,4723.0,5292.0,4690.0,4609.0,4166.0,3616.0,4123.0,4993.0,54493.0
Chandigarh,14.13.1A,"Out of 14.13.1,Gynecology- Hysterectomy surgeries",TOTAL,,,,,,,,,,,,,
Chandigarh,14.13.2,Number of minor operations carried out without anaesthesia or using local anaesthesia,TOTAL,9938.0,11280.0,11222.0,12052.0,11867.0,12266.0,10785.0,13110.0,12026.0,11489.0,12321.0,14965.0,143321.0
Chandigarh,14.14.a,Number of patients given AYUSH treatment,TOTAL,16763.0,19676.0,17792.0,19353.0,19784.0,19833.0,18019.0,19140.0,18025.0,17092.0,18065.0,20531.0,224073.0
Chandigarh,14.14.b,Number of patients on whom Dental Procedure was conducted,TOTAL,8430.0,6587.0,7138.0,8404.0,8332.0,8633.0,7762.0,8794.0,8413.0,8940.0,7863.0,10028.0,99324.0
Chandigarh,14.14.c,Number of Adolescents counselled,TOTAL,655.0,725.0,609.0,777.0,739.0,828.0,737.0,911.0,756.0,757.0,1028.0,910.0,9432.0
Chandigarh,15.1.1.a,Number of Haemoglobin (Hb) tests conducted,TOTAL,15112.0,15460.0,15525.0,15917.0,16929.0,17601.0,16777.0,17202.0,14108.0,14124.0,14571.0,16235.0,189561.0
Chandigarh,15.1.1.b,"Out of the total number of Hb tests conducted, number of cases having Hb less than 7gm/dl",TOTAL,484.0,519.0,502.0,571.0,589.0,534.0,496.0,545.0,476.0,691.0,485.0,535.0,6427.0
Chandigarh,15.1.2.a,Number of HIV tests conducted on males,1. Number tested,1459.0,1512.0,1350.0,1484.0,1663.0,1752.0,1469.0,1891.0,1739.0,1793.0,1418.0,2653.0,20183.0
Chandigarh,15.1.2.a,Number of HIV tests conducted on males,2. Number Positive,50.0,56.0,49.0,58.0,62.0,60.0,49.0,52.0,36.0,51.0,53.0,60.0,636.0
Chandigarh,15.1.2.b,Number of HIV tests conducted on Female-Non ANC (i.e. non pregnant females),1. Number tested,1194.0,1267.0,1184.0,1136.0,1164.0,1041.0,1023.0,1222.0,1085.0,1222.0,1182.0,1788.0,14508.0
Chandigarh,15.1.2.b,Number of HIV tests conducted on Female-Non ANC (i.e. non pregnant females),2. Number Positive,19.0,32.0,26.0,27.0,18.0,26.0,18.0,17.0,15.0,22.0,28.0,24.0,272.0
Chandigarh,15.1.2.c,Number of HIV tests conducted on Female with ANC (i.e. pregnant females),1. Number tested,2084.0,2138.0,1916.0,2133.0,1848.0,1952.0,1437.0,1780.0,1544.0,1284.0,1880.0,2065.0,22061.0
Chandigarh,15.1.2.c,Number of HIV tests conducted on Female with ANC (i.e. pregnant females),2. Number Positive,8.0,6.0,2.0,8.0,6.0,7.0,3.0,12.0,5.0,2.0,3.0,8.0,70.0
Chandigarh,15.1.2.d,Total number of HIV tests conducted (sum of items 15.1.2.a to 15.1.2.c),1. Number tested,4737.0,4917.0,4450.0,4753.0,4675.0,4745.0,3929.0,4893.0,4368.0,4299.0,4480.0,6506.0,56752.0
Chandigarh,15.1.2.d,Total number of HIV tests conducted (sum of items 15.1.2.a to 15.1.2.c),2. Number Positive,77.0,94.0,77.0,93.0,86.0,93.0,70.0,81.0,56.0,75.0,84.0,92.0,978.0
Chandigarh,15.2,Number of Widal tests conducted,Number tested,1096.0,1167.0,1062.0,1350.0,1751.0,1993.0,1944.0,1745.0,1009.0,937.0,863.0,1165.0,16082.0
Chandigarh,15.3.a,Number of VDRL tests conducted on males,Number tested,849.0,743.0,491.0,774.0,822.0,817.0,736.0,1126.0,556.0,523.0,605.0,601.0,8643.0
Chandigarh,15.3.b,Number of VDRL tests conducted on Female-Non ANC (i.e. non pregnant females),Number tested,518.0,440.0,385.0,430.0,439.0,556.0,352.0,579.0,446.0,471.0,322.0,381.0,5319.0
Chandigarh,15.3.c,Number of VDRL tests conducted on Female with ANC (i.e. pregnant females),Number tested,1726.0,1552.0,1209.0,1872.0,1623.0,1706.0,1273.0,1621.0,1375.0,1659.0,1698.0,1781.0,19095.0
Chandigarh,15.3.d,Total number of VDRL tests conducted (sum of items 15.3.a to 15.3.c),Number tested,3093.0,2735.0,2085.0,3076.0,2884.0,3079.0,2361.0,3326.0,2377.0,2653.0,2625.0,2763.0,33057.0
Chandigarh,15.4.1,Number of blood smears examined for Malaria,TOTAL,5239.0,5384.0,5233.0,8955.0,10194.0,11300.0,11082.0,7398.0,3392.0,4385.0,4877.0,5691.0,83130.0
Chandigarh,15.4.2,"Out of blood smears examined for malaria, number of blood smears tested positive for Plasmodium Vivax",TOTAL,10.0,26.0,63.0,92.0,216.0,224.0,112.0,7.0,4.0,0.0,4.0,5.0,763.0
Chandigarh,15.4.3,"Out of blood smears examined for malaria, number of blood smears tested positive for Plasmodium Falciparum",TOTAL,1.0,0.0,2.0,2.0,45.0,70.0,17.0,6.0,2.0,1.0,0.0,1.0,147.0
Chandigarh,16.1.1,Stock position of DPT vaccines,1. Balance From Previous Month,4530.0,29460.0,59160.0,52930.0,46920.0,41860.0,36460.0,29510.0,22800.0,14910.0,9890.0,47970.0,396400.0
Chandigarh,16.1.1,Stock position of DPT vaccines,2. Stocks Received,30000.0,36630.0,0.0,0.0,0.0,0.0,0.0,0.0,0.0,0.0,50000.0,0.0,116630.0
Chandigarh,16.1.1,Stock position of DPT vaccines,3. Unusable Stock,0.0,0.0,0.0,0.0,0.0,0.0,0.0,0.0,0.0,0.0,0.0,0.0,0.0
Chandigarh,16.1.1,Stock position of DPT vaccines,4. Stock Distributed,5070.0,6930.0,6230.0,6010.0,5060.0,5400.0,6950.0,6710.0,7890.0,5020.0,11920.0,6100.0,79290.0
Chandigarh,16.1.1,Stock position of DPT vaccines,5. Total Stock,29460.0,59160.0,52930.0,46920.0,41860.0,36460.0,29510.0,22800.0,14910.0,9890.0,47970.0,41870.0,433740.0
Chandigarh,16.1.1A,Stock Position of Pentavalent,1. Balance From Previous Month,,,,,,,,,,,,,
Chandigarh,16.1.1A,Stock Position of Pentavalent,2. Stocks Received,,,,,,,,,,,,,
Chandigarh,16.1.1A,Stock Position of Pentavalent,3. Unusable Stock,,,,,,,,,,,,,
Chandigarh,16.1.1A,Stock Position of Pentavalent,4. Stock Distributed,,,,,,,,,,,,,
Chandigarh,16.1.1A,Stock Position of Pentavalent,5. Total Stock,0.0,0.0,0.0,0.0,0.0,0.0,0.0,0.0,0.0,0.0,0.0,0.0,0.0
Chandigarh,16.1.2,Stock position of OPV vaccines,1. Balance From Previous Month,21920.0,5960.0,800.0,47200.0,37460.0,27280.0,19900.0,11600.0,35260.0,22760.0,16200.0,3320.0,249660.0
Chandigarh,16.1.2,Stock position of OPV vaccines,2. Stocks Received,0.0,0.0,55980.0,0.0,0.0,0.0,0.0,35000.0,0.0,0.0,0.0,0.0,90980.0
Chandigarh,16.1.2,Stock position of OPV vaccines,3. Unusable Stock,0.0,0.0,0.0,0.0,0.0,0.0,0.0,0.0,0.0,0.0,0.0,0.0,0.0
Chandigarh,16.1.2,Stock position of OPV vaccines,4. Stock Distributed,15960.0,5160.0,9580.0,9740.0,10180.0,7380.0,8300.0,11340.0,12500.0,6560.0,12880.0,2580.0,112160.0
Chandigarh,16.1.2,Stock position of OPV vaccines,5. Total Stock,5960.0,800.0,47200.0,37460.0,27280.0,19900.0,11600.0,35260.0,22760.0,16200.0,3320.0,740.0,228480.0
Chandigarh,16.1.3,Stock position of TT vaccines,1. Balance From Previous Month,13410.0,8350.0,3430.0,28380.0,22750.0,18480.0,14630.0,9200.0,34920.0,31450.0,26800.0,20010.0,231810.0
Chandigarh,16.1.3,Stock position of TT vaccines,2. Stocks Received,0.0,0.0,30000.0,0.0,0.0,0.0,0.0,30000.0,0.0,0.0,0.0,0.0,60000.0
Chandigarh,16.1.3,Stock position of TT vaccines,3. Unusable Stock,0.0,0.0,0.0,0.0,0.0,0.0,0.0,0.0,0.0,0.0,0.0,0.0,0.0
Chandigarh,16.1.3,Stock position of TT vaccines,4. Stock Distributed,5060.0,4920.0,5050.0,5630.0,4270.0,3850.0,5430.0,4280.0,3470.0,4650.0,6790.0,4580.0,57980.0
Chandigarh,16.1.3,Stock position of TT vaccines,5. Total Stock,8350.0,3430.0,28380.0,22750.0,18480.0,14630.0,9200.0,34920.0,31450.0,26800.0,20010.0,15430.0,233830.0
Chandigarh,16.1.4,Stock position of DT vaccines,1. Balance From Previous Month,0.0,0.0,0.0,0.0,0.0,0.0,0.0,0.0,0.0,0.0,0.0,0.0,0.0
Chandigarh,16.1.4,Stock position of DT vaccines,2. Stocks Received,0.0,0.0,0.0,0.0,0.0,0.0,0.0,0.0,0.0,0.0,0.0,0.0,0.0
Chandigarh,16.1.4,Stock position of DT vaccines,3. Unusable Stock,0.0,0.0,0.0,0.0,0.0,0.0,0.0,0.0,0.0,0.0,0.0,0.0,0.0
Chandigarh,16.1.4,Stock position of DT vaccines,4. Stock Distributed,0.0,0.0,0.0,0.0,0.0,0.0,0.0,0.0,0.0,0.0,0.0,0.0,0.0
Chandigarh,16.1.4,Stock position of DT vaccines,5. Total Stock,0.0,0.0,0.0,0.0,0.0,0.0,0.0,0.0,0.0,0.0,0.0,0.0,0.0
Chandigarh,16.1.5,Stock position of BCG vaccines,1. Balance From Previous Month,5890.0,1380.0,340.0,12000.0,7850.0,4600.0,1500.0,490.0,5120.0,11320.0,9510.0,5070.0,65070.0
Chandigarh,16.1.5,Stock position of BCG vaccines,2. Stocks Received,0.0,0.0,15000.0,0.0,0.0,0.0,0.0,10000.0,10000.0,0.0,0.0,0.0,35000.0
Chandigarh,16.1.5,Stock position of BCG vaccines,3. Unusable Stock,0.0,0.0,0.0,0.0,0.0,0.0,0.0,0.0,0.0,0.0,0.0,0.0,0.0
Chandigarh,16.1.5,Stock position of BCG vaccines,4. Stock Distributed,4510.0,1040.0,3340.0,4150.0,3250.0,3100.0,1010.0,5370.0,3800.0,1810.0,4440.0,2680.0,38500.0
Chandigarh,16.1.5,Stock position of BCG vaccines,5. Total Stock,1380.0,340.0,12000.0,7850.0,4600.0,1500.0,490.0,5120.0,11320.0,9510.0,5070.0,2390.0,61570.0
Chandigarh,16.1.6,Stock position of Measles vaccines,1. Balance From Previous Month,11695.0,9330.0,5815.0,2690.0,1030.0,17645.0,13905.0,10230.0,5710.0,11795.0,8475.0,3630.0,101950.0
Chandigarh,16.1.6,Stock position of Measles vaccines,2. Stocks Received,0.0,0.0,0.0,0.0,20000.0,0.0,0.0,0.0,10000.0,0.0,0.0,0.0,30000.0
Chandigarh,16.1.6,Stock position of Measles vaccines,3. Unusable Stock,0.0,0.0,0.0,0.0,0.0,0.0,0.0,0.0,0.0,0.0,0.0,0.0,0.0
Chandigarh,16.1.6,Stock position of Measles vaccines,4. Stock Distributed,2365.0,3515.0,3125.0,1660.0,3385.0,3740.0,3675.0,4520.0,3915.0,3320.0,4845.0,2725.0,40790.0
Chandigarh,16.1.6,Stock position of Measles vaccines,5. Total Stock,9330.0,5815.0,2690.0,1030.0,17645.0,13905.0,10230.0,5710.0,11795.0,8475.0,3630.0,905.0,91160.0
Chandigarh,16.1.7,Stock position of JE vaccines,1. Balance From Previous Month,,,,,,,,,,,,,
Chandigarh,16.1.7,Stock position of JE vaccines,2. Stocks Received,,,,,,,,,,,,,
Chandigarh,16.1.7,Stock position of JE vaccines,3. Unusable Stock,,,,,,,,,,,,,
Chandigarh,16.1.7,Stock position of JE vaccines,4. Stock Distributed,,,,,,,,,,,,,
Chandigarh,16.1.7,Stock position of JE vaccines,5. Total Stock,0.0,0.0,0.0,0.0,0.0,0.0,0.0,0.0,0.0,0.0,0.0,0.0,0.0
Chandigarh,16.1.8,Stock position of Hepatitis B vaccines,1. Balance From Previous Month,0.0,0.0,0.0,,0.0,,0.0,24750.0,17840.0,12440.0,7390.0,31300.0,93720.0
Chandigarh,16.1.8,Stock position of Hepatitis B vaccines,2. Stocks Received,0.0,0.0,0.0,,0.0,,30000.0,0.0,0.0,0.0,30000.0,0.0,60000.0
Chandigarh,16.1.8,Stock position of Hepatitis B vaccines,3. Unusable Stock,0.0,0.0,0.0,,0.0,,0.0,0.0,0.0,0.0,0.0,0.0,0.0
Chandigarh,16.1.8,Stock position of Hepatitis B vaccines,4. Stock Distributed,0.0,0.0,0.0,,0.0,,5250.0,6910.0,5400.0,5050.0,6090.0,7100.0,35800.0
Chandigarh,16.1.8,Stock position of Hepatitis B vaccines,5. Total Stock,0.0,0.0,0.0,0.0,0.0,0.0,24750.0,17840.0,12440.0,7390.0,31300.0,24200.0,117920.0
Chandigarh,16.2.1,Stock Position of IU 380 A (to be used for Family Planning),1. Balance From Previous Month,6775.0,6675.0,11961.0,11861.0,11561.0,10911.0,10661.0,10561.0,9986.0,9736.0,9386.0,9286.0,119360.0
Chandigarh,16.2.1,Stock Position of IU 380 A (to be used for Family Planning),2. Stocks Received,0.0,5986.0,0.0,0.0,0.0,0.0,0.0,0.0,0.0,0.0,0.0,0.0,5986.0
Chandigarh,16.2.1,Stock Position of IU 380 A (to be used for Family Planning),3. Unusable Stock,0.0,0.0,0.0,0.0,0.0,0.0,0.0,0.0,0.0,0.0,0.0,0.0,0.0
Chandigarh,16.2.1,Stock Position of IU 380 A (to be used for Family Planning),4. Stock Distributed,100.0,700.0,100.0,300.0,650.0,250.0,100.0,575.0,250.0,350.0,100.0,250.0,3725.0
Chandigarh,16.2.1,Stock Position of IU 380 A (to be used for Family Planning),5. Total Stock,6675.0,11961.0,11861.0,11561.0,10911.0,10661.0,10561.0,9986.0,9736.0,9386.0,9286.0,9036.0,121621.0
Chandigarh,16.2.2,Stock Position of Condoms (to be used for Family Planning),1. Balance From Previous Month,270359.0,220359.0,1321559.0,1267559.0,1177559.0,1117559.0,1069559.0,1009559.0,847559.0,763559.0,751559.0,679559.0,10496308.0
Chandigarh,16.2.2,Stock Position of Condoms (to be used for Family Planning),2. Stocks Received,0.0,1245200.0,0.0,0.0,0.0,0.0,0.0,0.0,0.0,0.0,0.0,0.0,1245200.0
Chandigarh,16.2.2,Stock Position of Condoms (to be used for Family Planning),3. Unusable Stock,0.0,0.0,0.0,0.0,0.0,0.0,0.0,0.0,0.0,0.0,0.0,0.0,0.0
Chandigarh,16.2.2,Stock Position of Condoms (to be used for Family Planning),4. Stock Distributed,50000.0,144000.0,54000.0,90000.0,60000.0,48000.0,60000.0,162000.0,84000.0,12000.0,72000.0,114000.0,950000.0
Chandigarh,16.2.2,Stock Position of Condoms (to be used for Family Planning),5. Total Stock,220359.0,1321559.0,1267559.0,1177559.0,1117559.0,1069559.0,1009559.0,847559.0,763559.0,751559.0,679559.0,565559.0,10791508.0
Chandigarh,16.2.3,Stock Position of Oral Contraceptive (to be used for Family Planning),1. Balance From Previous Month,32913.0,32113.0,31413.0,31213.0,75683.0,75183.0,74370.0,73770.0,72370.0,71570.0,71070.0,68170.0,709838.0
Chandigarh,16.2.3,Stock Position of Oral Contraceptive (to be used for Family Planning),2. Stocks Received,0.0,0.0,0.0,45970.0,0.0,0.0,0.0,0.0,0.0,0.0,0.0,0.0,45970.0
Chandigarh,16.2.3,Stock Position of Oral Contraceptive (to be used for Family Planning),3. Unusable Stock,0.0,0.0,0.0,0.0,0.0,0.0,0.0,0.0,0.0,0.0,0.0,0.0,0.0
Chandigarh,16.2.3,Stock Position of Oral Contraceptive (to be used for Family Planning),4. Stock Distributed,800.0,700.0,200.0,1500.0,500.0,813.0,600.0,1400.0,800.0,500.0,2900.0,800.0,11513.0
Chandigarh,16.2.3,Stock Position of Oral Contraceptive (to be used for Family Planning),5. Total Stock,32113.0,31413.0,31213.0,75683.0,75183.0,74370.0,73770.0,72370.0,71570.0,71070.0,68170.0,67370.0,744295.0
Chandigarh,16.2.4,Stock Position of Emergency Contraceptive (to be used for Family Planning),1. Balance From Previous Month,1615.0,1565.0,2665.0,2665.0,2615.0,2515.0,2515.0,2515.0,2305.0,2305.0,2305.0,2305.0,27890.0
Chandigarh,16.2.4,Stock Position of Emergency Contraceptive (to be used for Family Planning),2. Stocks Received,0.0,1200.0,0.0,0.0,0.0,0.0,0.0,0.0,0.0,0.0,0.0,0.0,1200.0
Chandigarh,16.2.4,Stock Position of Emergency Contraceptive (to be used for Family Planning),3. Unusable Stock,0.0,0.0,0.0,0.0,0.0,0.0,0.0,0.0,0.0,0.0,0.0,0.0,0.0
Chandigarh,16.2.4,Stock Position of Emergency Contraceptive (to be used for Family Planning),4. Stock Distributed,50.0,100.0,0.0,50.0,100.0,0.0,0.0,210.0,0.0,0.0,0.0,2.0,512.0
Chandigarh,16.2.4,Stock Position of Emergency Contraceptive (to be used for Family Planning),5. Total Stock,1565.0,2665.0,2665.0,2615.0,2515.0,2515.0,2515.0,2305.0,2305.0,2305.0,2305.0,2303.0,28578.0
Chandigarh,16.2.5,Stock Position of Tubal Rings (to be used for Family Planning),1. Balance From Previous Month,0.0,0.0,2000.0,1500.0,1500.0,1500.0,1500.0,1500.0,1200.0,1190.0,670.0,670.0,13230.0
Chandigarh,16.2.5,Stock Position of Tubal Rings (to be used for Family Planning),2. Stocks Received,0.0,2000.0,0.0,0.0,0.0,0.0,0.0,0.0,0.0,0.0,0.0,0.0,2000.0
Chandigarh,16.2.5,Stock Position of Tubal Rings (to be used for Family Planning),3. Unusable Stock,0.0,0.0,0.0,0.0,0.0,0.0,0.0,0.0,0.0,0.0,0.0,0.0,0.0
Chandigarh,16.2.5,Stock Position of Tubal Rings (to be used for Family Planning),4. Stock Distributed,0.0,0.0,500.0,0.0,0.0,0.0,0.0,300.0,10.0,520.0,0.0,0.0,1330.0
Chandigarh,16.2.5,Stock Position of Tubal Rings (to be used for Family Planning),5. Total Stock,0.0,2000.0,1500.0,1500.0,1500.0,1500.0,1500.0,1200.0,1190.0,670.0,670.0,670.0,13900.0
Chandigarh,16.3.01,Stock Position of Oxytocin Injection,1. Balance From Previous Month,,,,0.0,0.0,0.0,,,,,,,0.0
Chandigarh,16.3.01,Stock Position of Oxytocin Injection,2. Stocks Received,,,,0.0,0.0,0.0,,,,,,,0.0
Chandigarh,16.3.01,Stock Position of Oxytocin Injection,3. Unusable Stock,,,,0.0,0.0,0.0,,,,,,,0.0
Chandigarh,16.3.01,Stock Position of Oxytocin Injection,4. Stock Distributed,,,,0.0,0.0,0.0,,,,,,,0.0
Chandigarh,16.3.01,Stock Position of Oxytocin Injection,5. Total Stock,0.0,0.0,0.0,0.0,0.0,0.0,0.0,0.0,0.0,0.0,0.0,0.0,0.0
Chandigarh,16.3.02,Stock Position of Gloves,1. Balance From Previous Month,0.0,0.0,,0.0,0.0,0.0,,,,0.0,10000.0,150.0,10150.0
Chandigarh,16.3.02,Stock Position of Gloves,2. Stocks Received,0.0,0.0,,0.0,0.0,0.0,,,,10000.0,0.0,7500.0,17500.0
Chandigarh,16.3.02,Stock Position of Gloves,3. Unusable Stock,0.0,0.0,,0.0,0.0,0.0,,,,0.0,0.0,0.0,0.0
Chandigarh,16.3.02,Stock Position of Gloves,4. Stock Distributed,0.0,0.0,,0.0,0.0,0.0,,,,0.0,9850.0,1800.0,11650.0
Chandigarh,16.3.02,Stock Position of Gloves,5. Total Stock,0.0,0.0,0.0,0.0,0.0,0.0,0.0,0.0,0.0,10000.0,150.0,5850.0,16000.0
Chandigarh,16.3.03,Stock Position of MVA Syringes,1. Balance From Previous Month,,,,,,,,,,,,,
Chandigarh,16.3.03,Stock Position of MVA Syringes,2. Stocks Received,,,,,,,,,,,,,
Chandigarh,16.3.03,Stock Position of MVA Syringes,3. Unusable Stock,,,,,,,,,,,,,
Chandigarh,16.3.03,Stock Position of MVA Syringes,4. Stock Distributed,,,,,,,,,,,,,
Chandigarh,16.3.03,Stock Position of MVA Syringes,5. Total Stock,0.0,0.0,0.0,0.0,0.0,0.0,0.0,0.0,0.0,0.0,0.0,0.0,0.0
Chandigarh,16.3.04,Stock Position of Fluconazole Tablets,1. Balance From Previous Month,,,,,,,,,,,,,
Chandigarh,16.3.04,Stock Position of Fluconazole Tablets,2. Stocks Received,,,,,,,,,,,,,
Chandigarh,16.3.04,Stock Position of Fluconazole Tablets,3. Unusable Stock,,,,,,,,,,,,,
Chandigarh,16.3.04,Stock Position of Fluconazole Tablets,4. Stock Distributed,,,,,,,,,,,,,
Chandigarh,16.3.04,Stock Position of Fluconazole Tablets,5. Total Stock,0.0,0.0,0.0,0.0,0.0,0.0,0.0,0.0,0.0,0.0,0.0,0.0,0.0
Chandigarh,16.3.05,Stock Position of Blood Transfusion Sets,1. Balance From Previous Month,0.0,,,,,,,,,,,0.0,0.0
Chandigarh,16.3.05,Stock Position of Blood Transfusion Sets,2. Stocks Received,0.0,,,,,,,,,,,1950.0,1950.0
Chandigarh,16.3.05,Stock Position of Blood Transfusion Sets,3. Unusable Stock,0.0,,,,,,,,,,,0.0,0.0
Chandigarh,16.3.05,Stock Position of Blood Transfusion Sets,4. Stock Distributed,0.0,,,,,,,,,,,1950.0,1950.0
Chandigarh,16.3.05,Stock Position of Blood Transfusion Sets,5. Total Stock,0.0,0.0,0.0,0.0,0.0,0.0,0.0,0.0,0.0,0.0,0.0,0.0,0.0
Chandigarh,16.3.06,Stock Position of Gluteraldehyde solution of 2% concentration,1. Balance From Previous Month,,,,,,,,,,0.0,75.0,0.0,75.0
Chandigarh,16.3.06,Stock Position of Gluteraldehyde solution of 2% concentration,2. Stocks Received,,,,,,,,,,75.0,0.0,0.0,75.0
Chandigarh,16.3.06,Stock Position of Gluteraldehyde solution of 2% concentration,3. Unusable Stock,,,,,,,,,,0.0,0.0,0.0,0.0
Chandigarh,16.3.06,Stock Position of Gluteraldehyde solution of 2% concentration,4. Stock Distributed,,,,,,,,,,0.0,75.0,0.0,75.0
Chandigarh,16.3.06,Stock Position of Gluteraldehyde solution of 2% concentration,5. Total Stock,0.0,0.0,0.0,0.0,0.0,0.0,0.0,0.0,0.0,75.0,0.0,0.0,75.0
Chandigarh,16.3.07,Stock Position of IFA Tablets,1. Balance From Previous Month,675000.0,540000.0,135000.0,45000.0,15000.0,0.0,615000.0,510000.0,210000.0,45000.0,0.0,0.0,2790000.0
Chandigarh,16.3.07,Stock Position of IFA Tablets,2. Stocks Received,0.0,0.0,0.0,0.0,0.0,660000.0,0.0,0.0,0.0,0.0,0.0,975000.0,1635000.0
Chandigarh,16.3.07,Stock Position of IFA Tablets,3. Unusable Stock,0.0,0.0,0.0,0.0,0.0,0.0,0.0,0.0,0.0,0.0,0.0,40.0,40.0
Chandigarh,16.3.07,Stock Position of IFA Tablets,4. Stock Distributed,135000.0,405000.0,90000.0,30000.0,15000.0,45000.0,105000.0,300000.0,165000.0,45000.0,0.0,0.0,1335000.0
Chandigarh,16.3.07,Stock Position of IFA Tablets,5. Total Stock,540000.0,135000.0,45000.0,15000.0,0.0,615000.0,510000.0,210000.0,45000.0,0.0,0.0,974960.0,3089960.0
Chandigarh,16.3.08,Stock Position of IFA Syrup (Paediatric),1. Balance From Previous Month,18000.0,14400.0,3600.0,1200.0,400.0,0.0,16400.0,13600.0,5600.0,1200.0,0.0,0.0,74400.0
Chandigarh,16.3.08,Stock Position of IFA Syrup (Paediatric),2. Stocks Received,0.0,0.0,0.0,0.0,0.0,17600.0,0.0,0.0,0.0,0.0,0.0,26000.0,43600.0
Chandigarh,16.3.08,Stock Position of IFA Syrup (Paediatric),3. Unusable Stock,0.0,0.0,0.0,0.0,0.0,0.0,0.0,0.0,0.0,0.0,0.0,4.0,4.0
Chandigarh,16.3.08,Stock Position of IFA Syrup (Paediatric),4. Stock Distributed,3600.0,10800.0,2400.0,800.0,400.0,1200.0,2800.0,8000.0,4400.0,1200.0,0.0,0.0,35600.0
Chandigarh,16.3.08,Stock Position of IFA Syrup (Paediatric),5. Total Stock,14400.0,3600.0,1200.0,400.0,0.0,16400.0,13600.0,5600.0,1200.0,0.0,0.0,25996.0,82396.0
Chandigarh,16.3.09,Stock Position of Paediatrics Antibiotics (Cotrimaxozole and Injectable Gentamicin),1. Balance From Previous Month,45000.0,36000.0,9000.0,3000.0,1000.0,0.0,41000.0,34000.0,14000.0,3000.0,0.0,0.0,186000.0
Chandigarh,16.3.09,Stock Position of Paediatrics Antibiotics (Cotrimaxozole and Injectable Gentamicin),2. Stocks Received,0.0,0.0,0.0,0.0,0.0,44000.0,0.0,0.0,0.0,0.0,0.0,65000.0,109000.0
Chandigarh,16.3.09,Stock Position of Paediatrics Antibiotics (Cotrimaxozole and Injectable Gentamicin),3. Unusable Stock,0.0,0.0,0.0,0.0,0.0,0.0,0.0,0.0,0.0,0.0,0.0,40.0,40.0
Chandigarh,16.3.09,Stock Position of Paediatrics Antibiotics (Cotrimaxozole and Injectable Gentamicin),4. Stock Distributed,9000.0,27000.0,6000.0,2000.0,1000.0,3000.0,7000.0,20000.0,11000.0,3000.0,0.0,0.0,89000.0
Chandigarh,16.3.09,Stock Position of Paediatrics Antibiotics (Cotrimaxozole and Injectable Gentamicin),5. Total Stock,36000.0,9000.0,3000.0,1000.0,0.0,41000.0,34000.0,14000.0,3000.0,0.0,0.0,64960.0,205960.0
Chandigarh,16.3.10,Stock Position of Vitamin A solution,1. Balance From Previous Month,540.0,432.0,108.0,36.0,12.0,0.0,492.0,408.0,168.0,36.0,0.0,0.0,2232.0
Chandigarh,16.3.10,Stock Position of Vitamin A solution,2. Stocks Received,0.0,0.0,0.0,0.0,0.0,528.0,0.0,0.0,0.0,0.0,0.0,780.0,1308.0
Chandigarh,16.3.10,Stock Position of Vitamin A solution,3. Unusable Stock,0.0,0.0,0.0,0.0,0.0,0.0,0.0,0.0,0.0,0.0,0.0,4.0,4.0
Chandigarh,16.3.10,Stock Position of Vitamin A solution,4. Stock Distributed,108.0,324.0,72.0,24.0,12.0,36.0,84.0,240.0,132.0,36.0,0.0,0.0,1068.0
Chandigarh,16.3.10,Stock Position of Vitamin A solution,5. Total Stock,432.0,108.0,36.0,12.0,0.0,492.0,408.0,168.0,36.0,0.0,0.0,776.0,2468.0
Chandigarh,16.3.11,Stock of ORS (New WHO formulation),1. Balance From Previous Month,17100.0,13800.0,4500.0,2700.0,1400.0,300.0,12600.0,10300.0,4200.0,900.0,0.0,0.0,67800.0
Chandigarh,16.3.11,Stock of ORS (New WHO formulation),2. Stocks Received,0.0,0.0,0.0,0.0,0.0,13200.0,0.0,0.0,0.0,0.0,0.0,19500.0,32700.0
Chandigarh,16.3.11,Stock of ORS (New WHO formulation),3. Unusable Stock,0.0,0.0,0.0,0.0,0.0,0.0,0.0,0.0,0.0,0.0,0.0,4.0,4.0
Chandigarh,16.3.11,Stock of ORS (New WHO formulation),4. Stock Distributed,3300.0,9300.0,1800.0,1300.0,1100.0,900.0,2300.0,6100.0,3300.0,900.0,0.0,0.0,30300.0
Chandigarh,16.3.11,Stock of ORS (New WHO formulation),5. Total Stock,13800.0,4500.0,2700.0,1400.0,300.0,12600.0,10300.0,4200.0,900.0,0.0,0.0,19496.0,70196.0
Chandigarh,16.4.1,Stock Position of 0.1 ml Syringes(AD),1. Balance From Previous Month,0.0,6250.0,3585.0,1165.0,0.0,0.0,0.0,0.0,8310.0,4545.0,2495.0,695.0,27045.0
Chandigarh,16.4.1,Stock Position of 0.1 ml Syringes(AD),2. Stocks Received,9000.0,0.0,0.0,0.0,0.0,0.0,0.0,15000.0,0.0,0.0,0.0,5000.0,29000.0
Chandigarh,16.4.1,Stock Position of 0.1 ml Syringes(AD),3. Unusable Stock,0.0,0.0,0.0,0.0,0.0,0.0,0.0,0.0,0.0,0.0,0.0,0.0,0.0
Chandigarh,16.4.1,Stock Position of 0.1 ml Syringes(AD),4. Stock Distributed,2750.0,2665.0,2420.0,1165.0,0.0,0.0,0.0,6690.0,3765.0,2050.0,1800.0,1445.0,24750.0
Chandigarh,16.4.1,Stock Position of 0.1 ml Syringes(AD),5. Total Stock,6250.0,3585.0,1165.0,0.0,0.0,0.0,0.0,8310.0,4545.0,2495.0,695.0,4250.0,31295.0
Chandigarh,16.4.2,Stock Position of 0.5 ml Syringes(AD),1. Balance From Previous Month,5150.0,77050.0,113250.0,103550.0,97550.0,86850.0,79750.0,62950.0,43950.0,32950.0,19950.0,62150.0,785100.0
Chandigarh,16.4.2,Stock Position of 0.5 ml Syringes(AD),2. Stocks Received,80000.0,70000.0,0.0,0.0,0.0,0.0,0.0,0.0,0.0,0.0,60000.0,0.0,210000.0
Chandigarh,16.4.2,Stock Position of 0.5 ml Syringes(AD),3. Unusable Stock,0.0,0.0,0.0,0.0,0.0,0.0,0.0,0.0,0.0,0.0,0.0,0.0,0.0
Chandigarh,16.4.2,Stock Position of 0.5 ml Syringes(AD),4. Stock Distributed,8100.0,33800.0,9700.0,6000.0,10700.0,7100.0,16800.0,19000.0,11000.0,13000.0,17800.0,21700.0,174700.0
Chandigarh,16.4.2,Stock Position of 0.5 ml Syringes(AD),5. Total Stock,77050.0,113250.0,103550.0,97550.0,86850.0,79750.0,62950.0,43950.0,32950.0,19950.0,62150.0,40450.0,820400.0
Chandigarh,16.4.3,Stock Position of 5.0 ml Syringes(Disposable),1. Balance From Previous Month,0.0,1900.0,530.0,160.0,0.0,0.0,0.0,0.0,475.0,10.0,10.0,3010.0,6095.0
Chandigarh,16.4.3,Stock Position of 5.0 ml Syringes(Disposable),2. Stocks Received,2000.0,0.0,0.0,0.0,0.0,0.0,0.0,1500.0,0.0,0.0,3000.0,5000.0,11500.0
Chandigarh,16.4.3,Stock Position of 5.0 ml Syringes(Disposable),3. Unusable Stock,0.0,0.0,0.0,0.0,0.0,0.0,0.0,0.0,0.0,0.0,0.0,0.0,0.0
Chandigarh,16.4.3,Stock Position of 5.0 ml Syringes(Disposable),4. Stock Distributed,100.0,1370.0,370.0,160.0,0.0,0.0,0.0,1025.0,465.0,0.0,0.0,1560.0,5050.0
Chandigarh,16.4.3,Stock Position of 5.0 ml Syringes(Disposable),5. Total Stock,1900.0,530.0,160.0,0.0,0.0,0.0,0.0,475.0,10.0,10.0,3010.0,6450.0,12545.0
Chandigarh,17.1,Number of cases of Infant deaths within 24 hrs of birth,TOTAL,20.0,17.0,13.0,32.0,34.0,32.0,26.0,25.0,14.0,13.0,16.0,17.0,259.0
Chandigarh,17.2.1,Number of cases of Infant deaths 24 hours to 4 weeks of birth with the probable cause being Sepsis,1. Up to 1 Weeks of Birth,5.0,21.0,29.0,19.0,42.0,32.0,42.0,22.0,17.0,15.0,6.0,15.0,265.0
Chandigarh,17.2.1,Number of cases of Infant deaths 24 hours to 4 weeks of birth with the probable cause being Sepsis,2. Between 1 week & 4 weeks of birth,4.0,12.0,11.0,16.0,14.0,23.0,17.0,15.0,18.0,7.0,11.0,5.0,153.0
Chandigarh,17.2.1,Number of cases of Infant deaths 24 hours to 4 weeks of birth with the probable cause being Sepsis,3. Total,9.0,33.0,40.0,35.0,56.0,55.0,59.0,37.0,35.0,22.0,17.0,20.0,418.0
Chandigarh,17.2.2,Number of cases of Infant deaths 24 hours to 4 weeks of birth with the probable cause being Asphyxia,1. Up to 1 Weeks of Birth,5.0,4.0,5.0,3.0,12.0,7.0,7.0,9.0,7.0,9.0,4.0,7.0,79.0
Chandigarh,17.2.2,Number of cases of Infant deaths 24 hours to 4 weeks of birth with the probable cause being Asphyxia,2. Between 1 week & 4 weeks of birth,1.0,,,,2.0,1.0,1.0,,,,2.0,,7.0
Chandigarh,17.2.2,Number of cases of Infant deaths 24 hours to 4 weeks of birth with the probable cause being Asphyxia,3. Total,6.0,4.0,5.0,3.0,14.0,8.0,8.0,9.0,7.0,9.0,6.0,7.0,86.0
Chandigarh,17.2.3,Number of cases of Infant deaths 24 hours to 4 weeks of birth with the probable cause being LBW,1. Up to 1 Weeks of Birth,4.0,3.0,7.0,11.0,7.0,8.0,16.0,5.0,5.0,10.0,4.0,5.0,85.0
Chandigarh,17.2.3,Number of cases of Infant deaths 24 hours to 4 weeks of birth with the probable cause being LBW,2. Between 1 week & 4 weeks of birth,,,,1.0,2.0,1.0,3.0,2.0,1.0,,,,10.0
Chandigarh,17.2.3,Number of cases of Infant deaths 24 hours to 4 weeks of birth with the probable cause being LBW,3. Total,4.0,3.0,7.0,12.0,9.0,9.0,19.0,7.0,6.0,10.0,4.0,5.0,95.0
Chandigarh,17.2.4,"Number of cases of Infant deaths 24 hours to 4 weeks of birth with the probable cause being other than Sepsis, Asphyxia and LBW",1. Up to 1 Weeks of Birth,25.0,25.0,27.0,32.0,36.0,34.0,33.0,15.0,10.0,20.0,21.0,21.0,299.0
Chandigarh,17.2.4,"Number of cases of Infant deaths 24 hours to 4 weeks of birth with the probable cause being other than Sepsis, Asphyxia and LBW",2. Between 1 week & 4 weeks of birth,6.0,10.0,6.0,5.0,5.0,9.0,15.0,7.0,9.0,7.0,12.0,6.0,97.0
Chandigarh,17.2.4,"Number of cases of Infant deaths 24 hours to 4 weeks of birth with the probable cause being other than Sepsis, Asphyxia and LBW",3. Total,31.0,35.0,33.0,37.0,41.0,43.0,48.0,22.0,19.0,27.0,33.0,27.0,396.0
Chandigarh,17.3.1,Number of cases of Infant or Child deaths between 1 month to 5 years of age with the probable cause being Pneumonia,1. Between 1 month and 11 months,7.0,3.0,4.0,5.0,4.0,3.0,8.0,,5.0,4.0,4.0,6.0,53.0
Chandigarh,17.3.1,Number of cases of Infant or Child deaths between 1 month to 5 years of age with the probable cause being Pneumonia,2. Between 1 year & 5 years,2.0,5.0,2.0,,,3.0,12.0,5.0,4.0,2.0,3.0,2.0,40.0
Chandigarh,17.3.1,Number of cases of Infant or Child deaths between 1 month to 5 years of age with the probable cause being Pneumonia,3. Total,9.0,8.0,6.0,5.0,4.0,6.0,20.0,5.0,9.0,6.0,7.0,8.0,93.0
Chandigarh,17.3.2,Number of cases of Infant or Child deaths between 1 month to 5 years of age with the probable cause being Diarrhoea,1. Between 1 month and 11 months,,,,,,,,,,,,,
Chandigarh,17.3.2,Number of cases of Infant or Child deaths between 1 month to 5 years of age with the probable cause being Diarrhoea,2. Between 1 year & 5 years,,,,1.0,1.0,,,,,,,,2.0
Chandigarh,17.3.2,Number of cases of Infant or Child deaths between 1 month to 5 years of age with the probable cause being Diarrhoea,3. Total,,,,1.0,1.0,,,,,,,,2.0
Chandigarh,17.3.3,Number of cases of Infant or Child deaths between 1 month to 5 years of age with the probable cause being Fever related,1. Between 1 month and 11 months,,,,,,,,,,1.0,,,1.0
Chandigarh,17.3.3,Number of cases of Infant or Child deaths between 1 month to 5 years of age with the probable cause being Fever related,2. Between 1 year & 5 years,,,1.0,,,,1.0,,,,,,2.0
Chandigarh,17.3.3,Number of cases of Infant or Child deaths between 1 month to 5 years of age with the probable cause being Fever related,3. Total,,,1.0,,,,1.0,,,1.0,,,3.0
Chandigarh,17.3.4,Number of cases of Infant or Child deaths between 1 month to 5 years of age with the probable cause being Measles,1. Between 1 month and 11 months,,,,,,,,,,,,,
Chandigarh,17.3.4,Number of cases of Infant or Child deaths between 1 month to 5 years of age with the probable cause being Measles,2. Between 1 year & 5 years,,,,,,,,,,,,,
Chandigarh,17.3.4,Number of cases of Infant or Child deaths between 1 month to 5 years of age with the probable cause being Measles,3. Total,,,,,,,,,,,,,
Chandigarh,17.3.5,"Number of cases of Infant or Child deaths between 1 month to 5 years of age with the probable cause being other than Pneumonia, Diarrhoea, Fever related and Measles",1. Between 1 month and 11 months,30.0,28.0,34.0,27.0,29.0,41.0,39.0,31.0,57.0,35.0,26.0,23.0,400.0
Chandigarh,17.3.5,"Number of cases of Infant or Child deaths between 1 month to 5 years of age with the probable cause being other than Pneumonia, Diarrhoea, Fever related and Measles",2. Between 1 year & 5 years,29.0,32.0,23.0,33.0,35.0,55.0,40.0,29.0,35.0,15.0,15.0,11.0,352.0
Chandigarh,17.3.5,"Number of cases of Infant or Child deaths between 1 month to 5 years of age with the probable cause being other than Pneumonia, Diarrhoea, Fever related and Measles",3. Total,59.0,60.0,57.0,60.0,64.0,96.0,79.0,60.0,92.0,50.0,41.0,34.0,752.0
Chandigarh,17.4.1,Number of cases of Adolescent or Adult deaths (age 6 years & above) with the probable cause being Diarrhoeal diseases,1. 6-14 yrs,,,,,,,,,,,,,
Chandigarh,17.4.1,Number of cases of Adolescent or Adult deaths (age 6 years & above) with the probable cause being Diarrhoeal diseases,2. 15-55 yrs.,1.0,1.0,,1.0,,,,,,1.0,,,4.0
Chandigarh,17.4.1,Number of cases of Adolescent or Adult deaths (age 6 years & above) with the probable cause being Diarrhoeal diseases,3. Above 55 yrs.,,1.0,1.0,,,,,,,,,,2.0
Chandigarh,17.4.1,Number of cases of Adolescent or Adult deaths (age 6 years & above) with the probable cause being Diarrhoeal diseases,4. Total,1.0,2.0,1.0,1.0,,,,,,1.0,,,6.0
Chandigarh,17.4.2,Number of cases of Adolescent or Adult deaths (age 6 years & above) with the probable cause being Tuberculosis,1. 6-14 yrs,,,1.0,1.0,,,,,,,,2.0,4.0
Chandigarh,17.4.2,Number of cases of Adolescent or Adult deaths (age 6 years & above) with the probable cause being Tuberculosis,2. 15-55 yrs.,12.0,16.0,11.0,6.0,10.0,11.0,9.0,12.0,6.0,8.0,10.0,8.0,119.0
Chandigarh,17.4.2,Number of cases of Adolescent or Adult deaths (age 6 years & above) with the probable cause being Tuberculosis,3. Above 55 yrs.,6.0,1.0,4.0,7.0,4.0,1.0,3.0,3.0,3.0,,1.0,1.0,34.0
Chandigarh,17.4.2,Number of cases of Adolescent or Adult deaths (age 6 years & above) with the probable cause being Tuberculosis,4. Total,18.0,17.0,16.0,14.0,14.0,12.0,12.0,15.0,9.0,8.0,11.0,11.0,157.0
Chandigarh,17.4.3,Number of cases of Adolescent or Adult deaths (age 6 years & above) with the probable cause being Respiratory diseases including infections,1. 6-14 yrs,2.0,1.0,2.0,3.0,7.0,5.0,7.0,6.0,5.0,2.0,,5.0,45.0
Chandigarh,17.4.3,Number of cases of Adolescent or Adult deaths (age 6 years & above) with the probable cause being Respiratory diseases including infections,2. 15-55 yrs.,27.0,24.0,30.0,24.0,34.0,29.0,35.0,23.0,27.0,35.0,27.0,37.0,352.0
Chandigarh,17.4.3,Number of cases of Adolescent or Adult deaths (age 6 years & above) with the probable cause being Respiratory diseases including infections,3. Above 55 yrs.,29.0,23.0,15.0,22.0,30.0,24.0,27.0,18.0,25.0,15.0,12.0,12.0,252.0
Chandigarh,17.4.3,Number of cases of Adolescent or Adult deaths (age 6 years & above) with the probable cause being Respiratory diseases including infections,4. Total,58.0,48.0,47.0,49.0,71.0,58.0,69.0,47.0,57.0,52.0,39.0,54.0,649.0
Chandigarh,17.4.4,Number of cases of Adolescent or Adult deaths (age 6 years & above) with the probable cause being Malaria,1. 6-14 yrs,,,,,,2.0,,1.0,,,,,3.0
Chandigarh,17.4.4,Number of cases of Adolescent or Adult deaths (age 6 years & above) with the probable cause being Malaria,2. 15-55 yrs.,,,1.0,2.0,12.0,12.0,3.0,1.0,1.0,1.0,,2.0,35.0
Chandigarh,17.4.4,Number of cases of Adolescent or Adult deaths (age 6 years & above) with the probable cause being Malaria,3. Above 55 yrs.,1.0,1.0,,,1.0,3.0,3.0,,,,,,9.0
Chandigarh,17.4.4,Number of cases of Adolescent or Adult deaths (age 6 years & above) with the probable cause being Malaria,4. Total,1.0,1.0,1.0,2.0,13.0,17.0,6.0,2.0,1.0,1.0,,2.0,47.0
Chandigarh,17.4.5,Number of cases of Adolescent or Adult deaths (age 6 years & above) with the probable cause being other Fever related,1. 6-14 yrs,1.0,,,,1.0,1.0,,1.0,1.0,1.0,2.0,1.0,9.0
Chandigarh,17.4.5,Number of cases of Adolescent or Adult deaths (age 6 years & above) with the probable cause being other Fever related,2. 15-55 yrs.,,2.0,1.0,4.0,6.0,13.0,11.0,15.0,7.0,3.0,8.0,,70.0
Chandigarh,17.4.5,Number of cases of Adolescent or Adult deaths (age 6 years & above) with the probable cause being other Fever related,3. Above 55 yrs.,3.0,1.0,3.0,2.0,2.0,2.0,2.0,3.0,2.0,,,1.0,21.0
Chandigarh,17.4.5,Number of cases of Adolescent or Adult deaths (age 6 years & above) with the probable cause being other Fever related,4. Total,4.0,3.0,4.0,6.0,9.0,16.0,13.0,19.0,10.0,4.0,10.0,2.0,100.0
Chandigarh,17.4.6,Number of cases of Adolescent or Adult deaths (age 6 years & above) with the probable cause being HIV/AIDS,1. 6-14 yrs,,,,,,,,,,,,,
Chandigarh,17.4.6,Number of cases of Adolescent or Adult deaths (age 6 years & above) with the probable cause being HIV/AIDS,2. 15-55 yrs.,1.0,,1.0,2.0,1.0,,,2.0,,2.0,2.0,,11.0
Chandigarh,17.4.6,Number of cases of Adolescent or Adult deaths (age 6 years & above) with the probable cause being HIV/AIDS,3. Above 55 yrs.,,,,,,,,,,,,,
Chandigarh,17.4.6,Number of cases of Adolescent or Adult deaths (age 6 years & above) with the probable cause being HIV/AIDS,4. Total,1.0,,1.0,2.0,1.0,,,2.0,,2.0,2.0,,11.0
Chandigarh,17.4.7,Number of cases of Adolescent or Adult deaths (age 6 years & above) with the probable cause being Heart disease or related to Hypertension,1. 6-14 yrs,2.0,4.0,5.0,2.0,4.0,6.0,,3.0,2.0,6.0,5.0,1.0,40.0
Chandigarh,17.4.7,Number of cases of Adolescent or Adult deaths (age 6 years & above) with the probable cause being Heart disease or related to Hypertension,2. 15-55 yrs.,80.0,59.0,49.0,65.0,75.0,88.0,83.0,91.0,61.0,74.0,76.0,72.0,873.0
Chandigarh,17.4.7,Number of cases of Adolescent or Adult deaths (age 6 years & above) with the probable cause being Heart disease or related to Hypertension,3. Above 55 yrs.,64.0,43.0,46.0,40.0,49.0,48.0,48.0,37.0,43.0,33.0,41.0,37.0,529.0
Chandigarh,17.4.7,Number of cases of Adolescent or Adult deaths (age 6 years & above) with the probable cause being Heart disease or related to Hypertension,4. Total,146.0,106.0,100.0,107.0,128.0,142.0,131.0,131.0,106.0,113.0,122.0,110.0,1442.0
Chandigarh,17.4.8,Number of cases of Adolescent or Adult deaths (age 6 years & above) with the probable cause being Neurological disease including strokes,1. 6-14 yrs,3.0,2.0,3.0,1.0,4.0,6.0,8.0,2.0,4.0,6.0,,2.0,41.0
Chandigarh,17.4.8,Number of cases of Adolescent or Adult deaths (age 6 years & above) with the probable cause being Neurological disease including strokes,2. 15-55 yrs.,21.0,38.0,22.0,23.0,20.0,19.0,15.0,19.0,17.0,13.0,18.0,23.0,248.0
Chandigarh,17.4.8,Number of cases of Adolescent or Adult deaths (age 6 years & above) with the probable cause being Neurological disease including strokes,3. Above 55 yrs.,13.0,22.0,11.0,16.0,9.0,8.0,6.0,11.0,11.0,4.0,5.0,9.0,125.0
Chandigarh,17.4.8,Number of cases of Adolescent or Adult deaths (age 6 years & above) with the probable cause being Neurological disease including strokes,4. Total,37.0,62.0,36.0,40.0,33.0,33.0,29.0,32.0,32.0,23.0,23.0,34.0,414.0
Chandigarh,17.4.9(a),Number of cases of Maternal deaths (age 15-49 years) with the probable cause being Abortion,1. 6-14 yrs,,,,,,,,,,,,,
Chandigarh,17.4.9(a),Number of cases of Maternal deaths (age 15-49 years) with the probable cause being Abortion,2. 15-49 yrs,,1.0,,1.0,2.0,,,,1.0,,,,5.0
Chandigarh,17.4.9(a),Number of cases of Maternal deaths (age 15-49 years) with the probable cause being Abortion,3. Above 49 yrs.,,,,,,,,,,,,,
Chandigarh,17.4.9(a),Number of cases of Maternal deaths (age 15-49 years) with the probable cause being Abortion,4. Total,,1.0,,1.0,2.0,,,,1.0,,,,5.0
Chandigarh,17.4.9(b),Number of cases of Maternal deaths (age 15-49 years) with the probable cause being Obstructed or prolonged labour,1. 6-14 yrs,,,,,,,,,,,,,
Chandigarh,17.4.9(b),Number of cases of Maternal deaths (age 15-49 years) with the probable cause being Obstructed or prolonged labour,2. 15-49 yrs,,,,,,,,,1.0,,,,1.0
Chandigarh,17.4.9(b),Number of cases of Maternal deaths (age 15-49 years) with the probable cause being Obstructed or prolonged labour,3. Above 49 yrs.,,,,,,,,,,,,,
Chandigarh,17.4.9(b),Number of cases of Maternal deaths (age 15-49 years) with the probable cause being Obstructed or prolonged labour,4. Total,,,,,,,,,1.0,,,,1.0
Chandigarh,17.4.9(c),Number of cases of Maternal deaths (age 15-49 years) with the probable cause being Severe hypertesnion or fits,1. 6-14 yrs,,,,,,,,,,,,,
Chandigarh,17.4.9(c),Number of cases of Maternal deaths (age 15-49 years) with the probable cause being Severe hypertesnion or fits,2. 15-49 yrs,,1.0,,,2.0,,4.0,2.0,,,1.0,,10.0
Chandigarh,17.4.9(c),Number of cases of Maternal deaths (age 15-49 years) with the probable cause being Severe hypertesnion or fits,3. Above 49 yrs.,,,,,,,,,,,,,
Chandigarh,17.4.9(c),Number of cases of Maternal deaths (age 15-49 years) with the probable cause being Severe hypertesnion or fits,4. Total,,1.0,,,2.0,,4.0,2.0,,,1.0,,10.0
Chandigarh,17.4.9(d),Number of cases of Maternal deaths (age 15-49 years) with the probable cause being Bleeding,1. 6-14 yrs,,,,,,,,,,,,,
Chandigarh,17.4.9(d),Number of cases of Maternal deaths (age 15-49 years) with the probable cause being Bleeding,2. 15-49 yrs,3.0,4.0,1.0,3.0,1.0,5.0,1.0,,2.0,1.0,1.0,,22.0
Chandigarh,17.4.9(d),Number of cases of Maternal deaths (age 15-49 years) with the probable cause being Bleeding,3. Above 49 yrs.,,,,,,,,,,,,,
Chandigarh,17.4.9(d),Number of cases of Maternal deaths (age 15-49 years) with the probable cause being Bleeding,4. Total,3.0,4.0,1.0,3.0,1.0,5.0,1.0,,2.0,1.0,1.0,,22.0
Chandigarh,17.4.9(e),Number of cases of Maternal deaths (age 15-49 years) with the probable cause being High Fever,1. 6-14 yrs,,,,,,,,,,,,,
Chandigarh,17.4.9(e),Number of cases of Maternal deaths (age 15-49 years) with the probable cause being High Fever,2. 15-49 yrs,,1.0,,,1.0,2.0,4.0,,,,,,8.0
Chandigarh,17.4.9(e),Number of cases of Maternal deaths (age 15-49 years) with the probable cause being High Fever,3. Above 49 yrs.,,,,,,,,,,,,,
Chandigarh,17.4.9(e),Number of cases of Maternal deaths (age 15-49 years) with the probable cause being High Fever,4. Total,,1.0,,,1.0,2.0,4.0,,,,,,8.0
Chandigarh,17.4.9(f),Number of cases of Maternal deaths (age 15-49 years) with the probable cause being other causes (excluding abortion; obstructed or prolonged labour; severe hypertension or fits;,1. 6-14 yrs,,,,,,,,,,,,,
Chandigarh,17.4.9(f),Number of cases of Maternal deaths (age 15-49 years) with the probable cause being other causes (excluding abortion; obstructed or prolonged labour; severe hypertension or fits;,2. 15-49 yrs,1.0,1.0,3.0,3.0,2.0,4.0,3.0,2.0,2.0,3.0,5.0,5.0,34.0
Chandigarh,17.4.9(f),Number of cases of Maternal deaths (age 15-49 years) with the probable cause being other causes (excluding abortion; obstructed or prolonged labour; severe hypertension or fits;,3. Above 49 yrs.,,,,,,,,,,,,,
Chandigarh,17.4.9(f),Number of cases of Maternal deaths (age 15-49 years) with the probable cause being other causes (excluding abortion; obstructed or prolonged labour; severe hypertension or fits;,4. Total,1.0,1.0,3.0,3.0,2.0,4.0,3.0,2.0,2.0,3.0,5.0,5.0,34.0
Chandigarh,17.4.10,Number of cases of Adolescent or Adult deaths (age 6 years & above) with the probable cause being Trauma or Accidents or Burn cases,1. 6-14 yrs,3.0,2.0,2.0,2.0,3.0,3.0,8.0,6.0,3.0,3.0,1.0,,36.0
Chandigarh,17.4.10,Number of cases of Adolescent or Adult deaths (age 6 years & above) with the probable cause being Trauma or Accidents or Burn cases,2. 15-55 yrs.,55.0,39.0,48.0,45.0,38.0,34.0,50.0,48.0,50.0,32.0,36.0,51.0,526.0
Chandigarh,17.4.10,Number of cases of Adolescent or Adult deaths (age 6 years & above) with the probable cause being Trauma or Accidents or Burn cases,3. Above 55 yrs.,10.0,10.0,4.0,9.0,5.0,4.0,7.0,9.0,4.0,2.0,5.0,5.0,74.0
Chandigarh,17.4.10,Number of cases of Adolescent or Adult deaths (age 6 years & above) with the probable cause being Trauma or Accidents or Burn cases,4. Total,68.0,51.0,54.0,56.0,46.0,41.0,65.0,63.0,57.0,37.0,42.0,56.0,636.0
Chandigarh,17.4.11,Number of cases of Adolescent or Adult deaths (age 6 years & above) with the probable cause being suicide,1. 6-14 yrs,,,1.0,1.0,,,,,,,,,2.0
Chandigarh,17.4.11,Number of cases of Adolescent or Adult deaths (age 6 years & above) with the probable cause being suicide,2. 15-55 yrs.,7.0,18.0,6.0,9.0,7.0,3.0,8.0,4.0,7.0,1.0,5.0,4.0,79.0
Chandigarh,17.4.11,Number of cases of Adolescent or Adult deaths (age 6 years & above) with the probable cause being suicide,3. Above 55 yrs.,2.0,1.0,,,,,1.0,1.0,,,,,5.0
Chandigarh,17.4.11,Number of cases of Adolescent or Adult deaths (age 6 years & above) with the probable cause being suicide,4. Total,9.0,19.0,7.0,10.0,7.0,3.0,9.0,5.0,7.0,1.0,5.0,4.0,86.0
Chandigarh,17.4.12,Number of cases of Adolescent or Adult deaths (age 6 years & above) with the probable cause being Animal bites and stings,1. 6-14 yrs,,,,1.0,1.0,,,,,,,,2.0
Chandigarh,17.4.12,Number of cases of Adolescent or Adult deaths (age 6 years & above) with the probable cause being Animal bites and stings,2. 15-55 yrs.,,1.0,1.0,1.0,6.0,3.0,1.0,,,,,,13.0
Chandigarh,17.4.12,Number of cases of Adolescent or Adult deaths (age 6 years & above) with the probable cause being Animal bites and stings,3. Above 55 yrs.,,,,1.0,,,,,,,,,1.0
Chandigarh,17.4.12,Number of cases of Adolescent or Adult deaths (age 6 years & above) with the probable cause being Animal bites and stings,4. Total,,1.0,1.0,3.0,7.0,3.0,1.0,,,,,,16.0
Chandigarh,17.4.13(a),Number of cases of Adolescent or Adult deaths (age 6 years & above) with the probable cause being Known Acute disease,1. 6-14 yrs,9.0,3.0,3.0,6.0,7.0,11.0,9.0,6.0,12.0,5.0,3.0,7.0,81.0
Chandigarh,17.4.13(a),Number of cases of Adolescent or Adult deaths (age 6 years & above) with the probable cause being Known Acute disease,2. 15-55 yrs.,59.0,79.0,53.0,73.0,77.0,81.0,91.0,106.0,63.0,72.0,53.0,66.0,873.0
Chandigarh,17.4.13(a),Number of cases of Adolescent or Adult deaths (age 6 years & above) with the probable cause being Known Acute disease,3. Above 55 yrs.,36.0,45.0,35.0,47.0,35.0,39.0,50.0,53.0,41.0,21.0,21.0,29.0,452.0
Chandigarh,17.4.13(a),Number of cases of Adolescent or Adult deaths (age 6 years & above) with the probable cause being Known Acute disease,4. Total,104.0,127.0,91.0,126.0,119.0,131.0,150.0,165.0,116.0,98.0,77.0,102.0,1406.0
Chandigarh,17.4.13(b),Number of cases of Adolescent or Adult deaths (age 6 years & above) with the probable cause being Known Chronic disease,1. 6-14 yrs,2.0,4.0,2.0,3.0,2.0,5.0,1.0,1.0,3.0,2.0,2.0,1.0,28.0
Chandigarh,17.4.13(b),Number of cases of Adolescent or Adult deaths (age 6 years & above) with the probable cause being Known Chronic disease,2. 15-55 yrs.,54.0,32.0,27.0,52.0,50.0,32.0,35.0,30.0,35.0,32.0,33.0,30.0,442.0
Chandigarh,17.4.13(b),Number of cases of Adolescent or Adult deaths (age 6 years & above) with the probable cause being Known Chronic disease,3. Above 55 yrs.,36.0,20.0,27.0,34.0,29.0,24.0,23.0,24.0,27.0,9.0,17.0,15.0,285.0
Chandigarh,17.4.13(b),Number of cases of Adolescent or Adult deaths (age 6 years & above) with the probable cause being Known Chronic disease,4. Total,92.0,56.0,56.0,89.0,81.0,61.0,59.0,55.0,65.0,43.0,52.0,46.0,755.0
Chandigarh,17.4.13(c),Number of cases of Adolescent or Adult deaths (age 6 years & above) where the cause was not known,1. 6-14 yrs,1.0,6.0,1.0,4.0,4.0,4.0,4.0,2.0,4.0,3.0,4.0,3.0,40.0
Chandigarh,17.4.13(c),Number of cases of Adolescent or Adult deaths (age 6 years & above) where the cause was not known,2. 15-55 yrs.,30.0,17.0,10.0,18.0,8.0,20.0,15.0,18.0,18.0,17.0,9.0,12.0,192.0
Chandigarh,17.4.13(c),Number of cases of Adolescent or Adult deaths (age 6 years & above) where the cause was not known,3. Above 55 yrs.,17.0,13.0,13.0,7.0,7.0,6.0,19.0,10.0,10.0,13.0,14.0,11.0,140.0
Chandigarh,17.4.13(c),Number of cases of Adolescent or Adult deaths (age 6 years & above) where the cause was not known,4. Total,48.0,36.0,24.0,29.0,19.0,30.0,38.0,30.0,32.0,33.0,27.0,26.0,372.0
